Date,Open,High,Low,Close
2001-01-01,1530.0,1530.0,1530.0,1530.0
2001-01-02,1530.0,1530.0,1530.0,1530.0
2001-01-03,1530.0,1530.0,1530.0,1530.0
2001-01-04,1550.0,1550.0,1520.0,1520.0
2001-01-05,1540.0,1580.0,1530.0,1540.0
2001-01-08,1540.0,1540.0,1540.0,1540.0
2001-01-09,1520.0,1540.0,1520.0,1530.0
2001-01-10,1520.0,1540.0,1520.0,1540.0
2001-01-11,1540.0,1540.0,1490.0,1520.0
2001-01-12,1500.0,1520.0,1480.0,1510.0
2001-01-15,1510.0,1510.0,1490.0,1490.0
2001-01-16,1500.0,1510.0,1490.0,1510.0
2001-01-17,1490.0,1510.0,1490.0,1490.0
2001-01-18,1490.0,1520.0,1490.0,1520.0
2001-01-19,1510.0,1510.0,1490.0,1490.0
2001-01-22,1490.0,1510.0,1490.0,1490.0
2001-01-23,1500.0,1520.0,1500.0,1500.0
2001-01-24,1500.0,1510.0,1500.0,1500.0
2001-01-25,1500.0,1510.0,1500.0,1510.0
2001-01-26,1510.0,1520.0,1490.0,1500.0
2001-01-29,1510.0,1510.0,1500.0,1510.0
2001-01-30,1510.0,1510.0,1490.0,1500.0
2001-01-31,1500.0,1510.0,1490.0,1510.0
2001-02-01,1510.0,1510.0,1500.0,1510.0
2001-02-02,1510.0,1520.0,1510.0,1520.0
2001-02-05,1510.0,1510.0,1500.0,1510.0
2001-02-06,1500.0,1500.0,1490.0,1490.0
2001-02-07,1490.0,1500.0,1490.0,1490.0
2001-02-08,1500.0,1500.0,1490.0,1490.0
2001-02-09,1490.0,1510.0,1490.0,1500.0
2001-02-12,1500.0,1500.0,1500.0,1500.0
2001-02-13,1500.0,1510.0,1490.0,1500.0
2001-02-14,1500.0,1500.0,1490.0,1500.0
2001-02-15,1500.0,1530.0,1500.0,1520.0
2001-02-16,1500.0,1510.0,1490.0,1490.0
2001-02-19,1500.0,1500.0,1490.0,1500.0
2001-02-20,1500.0,1510.0,1500.0,1510.0
2001-02-21,1500.0,1520.0,1500.0,1500.0
2001-02-22,1510.0,1520.0,1500.0,1510.0
2001-02-23,1510.0,1530.0,1510.0,1530.0
2001-02-26,1520.0,1540.0,1510.0,1530.0
2001-02-27,1530.0,1550.0,1530.0,1530.0
2001-02-28,1530.0,1590.0,1530.0,1570.0
2001-03-01,1590.0,1610.0,1580.0,1610.0
2001-03-02,1610.0,1620.0,1600.0,1610.0
2001-03-05,1610.0,1620.0,1600.0,1600.0
2001-03-06,1610.0,1620.0,1590.0,1620.0
2001-03-07,1600.0,1620.0,1600.0,1600.0
2001-03-08,1610.0,1620.0,1600.0,1610.0
2001-03-09,1600.0,1610.0,1600.0,1610.0
2001-03-12,1610.0,1630.0,1600.0,1620.0
2001-03-13,1610.0,1610.0,1590.0,1600.0
2001-03-14,1600.0,1600.0,1600.0,1600.0
2001-03-15,1600.0,1610.0,1590.0,1600.0
2001-03-16,1600.0,1620.0,1590.0,1590.0
2001-03-19,1600.0,1620.0,1600.0,1610.0
2001-03-20,1610.0,1610.0,1610.0,1610.0
2001-03-21,1610.0,1670.0,1610.0,1670.0
2001-03-22,1670.0,1690.0,1670.0,1690.0
2001-03-23,1690.0,1690.0,1660.0,1690.0
2001-03-26,1690.0,1740.0,1690.0,1740.0
2001-03-27,1690.0,1690.0,1660.0,1680.0
2001-03-28,1680.0,1700.0,1610.0,1610.0
2001-03-29,1640.0,1680.0,1640.0,1650.0
2001-03-30,1650.0,1680.0,1610.0,1610.0
2001-04-02,1620.0,1660.0,1610.0,1650.0
2001-04-03,1650.0,1650.0,1630.0,1650.0
2001-04-04,1650.0,1660.0,1640.0,1640.0
2001-04-05,1650.0,1670.0,1650.0,1650.0
2001-04-06,1650.0,1670.0,1650.0,1650.0
2001-04-09,1660.0,1700.0,1660.0,1670.0
2001-04-10,1680.0,1680.0,1650.0,1660.0
2001-04-11,1690.0,1690.0,1660.0,1690.0
2001-04-12,1690.0,1700.0,1670.0,1680.0
2001-04-13,1680.0,1690.0,1680.0,1680.0
2001-04-16,1660.0,1690.0,1650.0,1670.0
2001-04-17,1660.0,1680.0,1660.0,1670.0
2001-04-18,1660.0,1700.0,1660.0,1700.0
2001-04-19,1700.0,1700.0,1690.0,1700.0
2001-04-20,1700.0,1700.0,1670.0,1680.0
2001-04-23,1690.0,1710.0,1680.0,1680.0
2001-04-24,1710.0,1710.0,1680.0,1710.0
2001-04-25,1720.0,1720.0,1710.0,1720.0
2001-04-26,1720.0,1720.0,1710.0,1720.0
2001-04-27,1750.0,1800.0,1730.0,1790.0
2001-04-30,1790.0,1790.0,1790.0,1790.0
2001-05-01,1800.0,1870.0,1800.0,1870.0
2001-05-02,1870.0,1870.0,1830.0,1870.0
2001-05-03,1870.0,1870.0,1870.0,1870.0
2001-05-04,1870.0,1870.0,1870.0,1870.0
2001-05-07,1870.0,1870.0,1830.0,1870.0
2001-05-08,1850.0,1870.0,1840.0,1860.0
2001-05-09,1860.0,1860.0,1830.0,1850.0
2001-05-10,1850.0,1860.0,1830.0,1840.0
2001-05-11,1840.0,1890.0,1830.0,1860.0
2001-05-14,1850.0,1880.0,1850.0,1850.0
2001-05-15,1850.0,1870.0,1840.0,1850.0
2001-05-16,1860.0,1870.0,1840.0,1840.0
2001-05-17,1840.0,1870.0,1840.0,1870.0
2001-05-18,1860.0,1880.0,1860.0,1860.0
2001-05-21,1860.0,1880.0,1840.0,1870.0
2001-05-22,1870.0,1900.0,1860.0,1880.0
2001-05-23,1880.0,1940.0,1880.0,1910.0
2001-05-24,1900.0,1910.0,1880.0,1880.0
2001-05-25,1880.0,1900.0,1880.0,1900.0
2001-05-28,1900.0,1910.0,1900.0,1910.0
2001-05-29,1900.0,1900.0,1880.0,1890.0
2001-05-30,1880.0,1880.0,1850.0,1850.0
2001-05-31,1850.0,1880.0,1850.0,1850.0
2001-06-01,1850.0,1880.0,1850.0,1860.0
2001-06-04,1860.0,1870.0,1850.0,1870.0
2001-06-05,1850.0,1870.0,1850.0,1870.0
2001-06-06,1870.0,1870.0,1860.0,1860.0
2001-06-07,1860.0,1880.0,1850.0,1880.0
2001-06-08,1880.0,1930.0,1880.0,1900.0
2001-06-11,1900.0,1920.0,1890.0,1920.0
2001-06-12,1900.0,1920.0,1900.0,1910.0
2001-06-13,1880.0,1890.0,1870.0,1870.0
2001-06-14,1880.0,1890.0,1860.0,1860.0
2001-06-15,1850.0,1880.0,1850.0,1860.0
2001-06-18,1880.0,1920.0,1860.0,1920.0
2001-06-19,1910.0,1910.0,1890.0,1890.0
2001-06-20,1890.0,1910.0,1860.0,1900.0
2001-06-21,1900.0,1920.0,1870.0,1910.0
2001-06-22,1920.0,1940.0,1900.0,1940.0
2001-06-25,1940.0,1950.0,1900.0,1940.0
2001-06-26,1930.0,1960.0,1930.0,1960.0
2001-06-27,1960.0,1980.0,1950.0,1980.0
2001-06-28,1960.0,1980.0,1950.0,1970.0
2001-06-29,1970.0,1990.0,1970.0,1990.0
2001-07-02,1990.0,2010.0,1970.0,1990.0
2001-07-03,1990.0,2000.0,1980.0,2000.0
2001-07-04,1990.0,2010.0,1980.0,1980.0
2001-07-05,1980.0,2000.0,1980.0,1980.0
2001-07-06,2000.0,2040.0,1980.0,2030.0
2001-07-09,2040.0,2040.0,2010.0,2010.0
2001-07-10,2010.0,2020.0,1950.0,1970.0
2001-07-11,1970.0,1970.0,1910.0,1930.0
2001-07-12,1920.0,1960.0,1920.0,1960.0
2001-07-13,1920.0,1940.0,1910.0,1920.0
2001-07-16,1920.0,1950.0,1910.0,1910.0
2001-07-17,1910.0,1930.0,1900.0,1910.0
2001-07-18,1910.0,1920.0,1850.0,1850.0
2001-07-19,1830.0,1840.0,1810.0,1840.0
2001-07-20,1840.0,1840.0,1840.0,1840.0
2001-07-23,1840.0,1840.0,1810.0,1820.0
2001-07-24,1820.0,1820.0,1800.0,1820.0
2001-07-25,1830.0,1840.0,1820.0,1840.0
2001-07-26,1850.0,1910.0,1850.0,1880.0
2001-07-27,1880.0,1920.0,1880.0,1920.0
2001-07-30,1930.0,1930.0,1900.0,1920.0
2001-07-31,1920.0,1950.0,1900.0,1930.0
2001-08-01,1920.0,1950.0,1910.0,1930.0
2001-08-02,1930.0,1950.0,1920.0,1950.0
2001-08-03,1930.0,1950.0,1910.0,1910.0
2001-08-06,1900.0,1910.0,1890.0,1900.0
2001-08-07,1900.0,1950.0,1900.0,1920.0
2001-08-08,1920.0,1930.0,1910.0,1920.0
2001-08-09,1910.0,1920.0,1870.0,1920.0
2001-08-10,1920.0,1920.0,1890.0,1900.0
2001-08-13,1900.0,1920.0,1890.0,1900.0
2001-08-14,1900.0,1930.0,1890.0,1930.0
2001-08-15,1920.0,1920.0,1900.0,1910.0
2001-08-16,1910.0,1910.0,1900.0,1900.0
2001-08-17,1900.0,1920.0,1900.0,1900.0
2001-08-20,1900.0,1910.0,1890.0,1890.0
2001-08-21,1900.0,1920.0,1900.0,1910.0
2001-08-22,1910.0,1930.0,1900.0,1910.0
2001-08-23,1910.0,1930.0,1910.0,1920.0
2001-08-24,1920.0,1960.0,1920.0,1930.0
2001-08-27,1930.0,1970.0,1930.0,1930.0
2001-08-28,1940.0,1960.0,1900.0,1930.0
2001-08-29,1910.0,1950.0,1910.0,1920.0
2001-08-30,1910.0,1920.0,1900.0,1920.0
2001-08-31,1900.0,1910.0,1880.0,1900.0
2001-09-03,1910.0,1920.0,1890.0,1910.0
2001-09-04,1900.0,1910.0,1880.0,1910.0
2001-09-05,1890.0,1900.0,1880.0,1900.0
2001-09-06,1890.0,1950.0,1890.0,1940.0
2001-09-07,1900.0,1930.0,1900.0,1930.0
2001-09-10,1920.0,1930.0,1890.0,1910.0
2001-09-11,1900.0,1920.0,1890.0,1920.0
2001-09-12,1880.0,1880.0,1820.0,1840.0
2001-09-13,1830.0,1880.0,1830.0,1880.0
2001-09-14,1880.0,1910.0,1880.0,1910.0
2001-09-17,1910.0,1910.0,1850.0,1860.0
2001-09-18,1840.0,1900.0,1840.0,1890.0
2001-09-19,1870.0,1890.0,1850.0,1870.0
2001-09-20,1850.0,1880.0,1850.0,1880.0
2001-09-21,1850.0,1910.0,1850.0,1890.0
2001-09-24,1890.0,1890.0,1890.0,1890.0
2001-09-25,1910.0,1910.0,1850.0,1860.0
2001-09-26,1860.0,1860.0,1800.0,1840.0
2001-09-27,1820.0,1840.0,1800.0,1830.0
2001-09-28,1830.0,1830.0,1830.0,1830.0
2001-10-01,1860.0,1870.0,1840.0,1840.0
2001-10-02,1870.0,1880.0,1840.0,1880.0
2001-10-03,1900.0,1910.0,1890.0,1910.0
2001-10-04,1910.0,1910.0,1880.0,1910.0
2001-10-05,1860.0,1890.0,1850.0,1860.0
2001-10-08,1860.0,1860.0,1860.0,1860.0
2001-10-09,1850.0,1880.0,1850.0,1880.0
2001-10-10,1880.0,1900.0,1880.0,1890.0
2001-10-11,1890.0,1910.0,1890.0,1910.0
2001-10-12,1910.0,1930.0,1900.0,1930.0
2001-10-15,1910.0,1920.0,1890.0,1900.0
2001-10-16,1900.0,1910.0,1880.0,1910.0
2001-10-17,1890.0,1910.0,1870.0,1910.0
2001-10-18,1900.0,1910.0,1880.0,1880.0
2001-10-19,1880.0,1900.0,1880.0,1900.0
2001-10-22,1900.0,1900.0,1880.0,1890.0
2001-10-23,1900.0,1910.0,1880.0,1910.0
2001-10-24,1900.0,1920.0,1900.0,1920.0
2001-10-25,1920.0,1920.0,1890.0,1920.0
2001-10-26,1920.0,1930.0,1900.0,1900.0
2001-10-29,1900.0,1910.0,1900.0,1910.0
2001-10-30,1890.0,1910.0,1890.0,1910.0
2001-10-31,1910.0,1910.0,1890.0,1910.0
2001-11-01,1900.0,1920.0,1900.0,1900.0
2001-11-02,1910.0,1910.0,1900.0,1900.0
2001-11-05,1910.0,1910.0,1900.0,1910.0
2001-11-06,1910.0,1910.0,1900.0,1900.0
2001-11-07,1900.0,1910.0,1880.0,1890.0
2001-11-08,1900.0,1910.0,1890.0,1900.0
2001-11-09,1900.0,1900.0,1900.0,1900.0
2001-11-12,1830.0,1860.0,1820.0,1830.0
2001-11-13,1850.0,1870.0,1800.0,1830.0
2001-11-14,1850.0,1850.0,1820.0,1820.0
2001-11-15,1820.0,1850.0,1800.0,1850.0
2001-11-16,1850.0,1850.0,1810.0,1820.0
2001-11-19,1810.0,1830.0,1810.0,1810.0
2001-11-20,1830.0,1830.0,1810.0,1810.0
2001-11-21,1820.0,1840.0,1810.0,1820.0
2001-11-22,1820.0,1840.0,1810.0,1840.0
2001-11-23,1840.0,1840.0,1840.0,1840.0
2001-11-26,1810.0,1880.0,1810.0,1880.0
2001-11-27,1880.0,1900.0,1850.0,1850.0
2001-11-28,1850.0,1870.0,1850.0,1870.0
2001-11-29,1880.0,1880.0,1830.0,1850.0
2001-11-30,1850.0,1850.0,1840.0,1840.0
2001-12-03,1890.0,1890.0,1840.0,1870.0
2001-12-04,1870.0,1890.0,1860.0,1870.0
2001-12-05,1890.0,1890.0,1870.0,1890.0
2001-12-06,1890.0,1890.0,1860.0,1870.0
2001-12-07,1880.0,1880.0,1860.0,1870.0
2001-12-10,1870.0,1910.0,1870.0,1910.0
2001-12-11,1910.0,1910.0,1850.0,1850.0
2001-12-12,1900.0,1910.0,1860.0,1900.0
2001-12-13,1880.0,1900.0,1870.0,1900.0
2001-12-14,1810.0,1890.0,1810.0,1850.0
2001-12-17,1820.0,1880.0,1820.0,1850.0
2001-12-18,1880.0,1880.0,1830.0,1870.0
2001-12-19,1840.0,1860.0,1830.0,1830.0
2001-12-20,1840.0,1850.0,1820.0,1840.0
2001-12-21,1850.0,1870.0,1830.0,1870.0
2001-12-24,1870.0,1870.0,1870.0,1870.0
2001-12-25,1870.0,1870.0,1840.0,1870.0
2001-12-26,1870.0,1870.0,1820.0,1820.0
2001-12-27,1820.0,1840.0,1820.0,1840.0
2001-12-28,1830.0,1860.0,1820.0,1860.0
2001-12-31,1860.0,1860.0,1860.0,1860.0
2002-01-01,1860.0,1860.0,1860.0,1860.0
2002-01-02,1860.0,1860.0,1860.0,1860.0
2002-01-03,1860.0,1860.0,1860.0,1860.0
2002-01-04,1870.0,1870.0,1840.0,1850.0
2002-01-07,1850.0,1860.0,1830.0,1840.0
2002-01-08,1840.0,1840.0,1800.0,1800.0
2002-01-09,1830.0,1830.0,1790.0,1810.0
2002-01-10,1800.0,1820.0,1800.0,1800.0
2002-01-11,1820.0,1820.0,1800.0,1800.0
2002-01-14,1800.0,1800.0,1800.0,1800.0
2002-01-15,1800.0,1810.0,1790.0,1790.0
2002-01-16,1790.0,1800.0,1770.0,1790.0
2002-01-17,1790.0,1790.0,1780.0,1780.0
2002-01-18,1780.0,1840.0,1780.0,1840.0
2002-01-21,1830.0,1840.0,1800.0,1840.0
2002-01-22,1820.0,1840.0,1790.0,1790.0
2002-01-23,1830.0,1830.0,1790.0,1800.0
2002-01-24,1800.0,1840.0,1800.0,1840.0
2002-01-25,1840.0,1840.0,1810.0,1840.0
2002-01-28,1810.0,1840.0,1810.0,1820.0
2002-01-29,1820.0,1820.0,1800.0,1800.0
2002-01-30,1800.0,1820.0,1800.0,1820.0
2002-01-31,1820.0,1820.0,1820.0,1820.0
2002-02-01,1820.0,1840.0,1810.0,1840.0
2002-02-04,1840.0,1850.0,1830.0,1840.0
2002-02-05,1830.0,1840.0,1830.0,1840.0
2002-02-06,1830.0,1850.0,1820.0,1850.0
2002-02-07,1850.0,1850.0,1830.0,1840.0
2002-02-08,1830.0,1850.0,1830.0,1840.0
2002-02-11,1840.0,1840.0,1840.0,1840.0
2002-02-12,1850.0,1880.0,1840.0,1880.0
2002-02-13,1870.0,1910.0,1870.0,1900.0
2002-02-14,1860.0,1910.0,1860.0,1870.0
2002-02-15,1870.0,1900.0,1870.0,1870.0
2002-02-18,1880.0,1900.0,1870.0,1890.0
2002-02-19,1890.0,1900.0,1880.0,1900.0
2002-02-20,1900.0,1910.0,1890.0,1900.0
2002-02-21,1900.0,1920.0,1900.0,1920.0
2002-02-22,1910.0,1920.0,1900.0,1910.0
2002-02-25,1910.0,1920.0,1900.0,1910.0
2002-02-26,1910.0,1920.0,1900.0,1920.0
2002-02-27,1920.0,1950.0,1900.0,1950.0
2002-02-28,1940.0,1970.0,1930.0,1970.0
2002-03-01,1970.0,1990.0,1940.0,1990.0
2002-03-04,1970.0,2010.0,1940.0,2010.0
2002-03-05,2010.0,2010.0,1970.0,1970.0
2002-03-06,1970.0,1990.0,1950.0,1950.0
2002-03-07,1950.0,2000.0,1920.0,2000.0
2002-03-08,1900.0,1980.0,1900.0,1920.0
2002-03-11,1930.0,1970.0,1930.0,1960.0
2002-03-12,1940.0,1980.0,1940.0,1980.0
2002-03-13,1950.0,1970.0,1920.0,1920.0
2002-03-14,1920.0,1930.0,1900.0,1900.0
2002-03-15,1920.0,1940.0,1900.0,1940.0
2002-03-18,1940.0,1950.0,1920.0,1920.0
2002-03-19,1940.0,1970.0,1920.0,1970.0
2002-03-20,1950.0,1970.0,1930.0,1950.0
2002-03-21,1950.0,1950.0,1950.0,1950.0
2002-03-22,1940.0,1950.0,1930.0,1940.0
2002-03-25,1960.0,2000.0,1940.0,2000.0
2002-03-26,2000.0,2000.0,1950.0,1960.0
2002-03-27,1960.0,1980.0,1940.0,1980.0
2002-03-28,1980.0,1980.0,1940.0,1940.0
2002-03-29,1960.0,1960.0,1930.0,1930.0
2002-04-01,1930.0,1940.0,1910.0,1920.0
2002-04-02,1910.0,1940.0,1900.0,1910.0
2002-04-03,1910.0,1950.0,1910.0,1920.0
2002-04-04,1930.0,1950.0,1930.0,1950.0
2002-04-05,1950.0,1970.0,1940.0,1970.0
2002-04-08,1940.0,1970.0,1940.0,1960.0
2002-04-09,1960.0,1960.0,1940.0,1950.0
2002-04-10,1960.0,1970.0,1940.0,1960.0
2002-04-11,1960.0,1960.0,1920.0,1920.0
2002-04-12,1940.0,1940.0,1900.0,1930.0
2002-04-15,1910.0,1930.0,1900.0,1910.0
2002-04-16,1910.0,1920.0,1880.0,1920.0
2002-04-17,1920.0,1920.0,1900.0,1920.0
2002-04-18,1920.0,1920.0,1910.0,1910.0
2002-04-19,1900.0,1920.0,1900.0,1920.0
2002-04-22,1910.0,1920.0,1900.0,1910.0
2002-04-23,1900.0,1910.0,1890.0,1910.0
2002-04-24,1900.0,1900.0,1880.0,1880.0
2002-04-25,1880.0,1890.0,1850.0,1850.0
2002-04-26,1850.0,1870.0,1830.0,1830.0
2002-04-29,1830.0,1830.0,1830.0,1830.0
2002-04-30,1800.0,1880.0,1800.0,1840.0
2002-05-01,1840.0,1870.0,1840.0,1840.0
2002-05-02,1860.0,1860.0,1840.0,1840.0
2002-05-03,1840.0,1840.0,1840.0,1840.0
2002-05-06,1840.0,1840.0,1840.0,1840.0
2002-05-07,1840.0,1850.0,1810.0,1820.0
2002-05-08,1820.0,1850.0,1820.0,1830.0
2002-05-09,1850.0,1870.0,1840.0,1840.0
2002-05-10,1850.0,1870.0,1840.0,1840.0
2002-05-13,1870.0,1870.0,1840.0,1840.0
2002-05-14,1860.0,1870.0,1840.0,1840.0
2002-05-15,1850.0,1860.0,1820.0,1820.0
2002-05-16,1840.0,1840.0,1830.0,1840.0
2002-05-17,1830.0,1840.0,1820.0,1820.0
2002-05-20,1830.0,1840.0,1820.0,1820.0
2002-05-21,1830.0,1850.0,1820.0,1850.0
2002-05-22,1850.0,1890.0,1850.0,1880.0
2002-05-23,1900.0,1960.0,1890.0,1920.0
2002-05-24,1940.0,1950.0,1910.0,1920.0
2002-05-27,1950.0,1950.0,1880.0,1880.0
2002-05-28,1900.0,1930.0,1880.0,1880.0
2002-05-29,1910.0,1930.0,1910.0,1930.0
2002-05-30,1930.0,1930.0,1890.0,1930.0
2002-05-31,1890.0,1910.0,1850.0,1870.0
2002-06-03,1890.0,1890.0,1860.0,1860.0
2002-06-04,1910.0,1910.0,1850.0,1850.0
2002-06-05,1860.0,1870.0,1850.0,1850.0
2002-06-06,1850.0,1860.0,1830.0,1830.0
2002-06-07,1830.0,1850.0,1820.0,1850.0
2002-06-10,1850.0,1850.0,1820.0,1820.0
2002-06-11,1820.0,1840.0,1820.0,1840.0
2002-06-12,1830.0,1850.0,1820.0,1850.0
2002-06-13,1850.0,1850.0,1830.0,1830.0
2002-06-14,1880.0,1880.0,1810.0,1810.0
2002-06-17,1830.0,1840.0,1810.0,1810.0
2002-06-18,1810.0,1830.0,1800.0,1800.0
2002-06-19,1800.0,1820.0,1760.0,1760.0
2002-06-20,1760.0,1810.0,1760.0,1790.0
2002-06-21,1780.0,1800.0,1780.0,1780.0
2002-06-24,1780.0,1800.0,1780.0,1800.0
2002-06-25,1820.0,1820.0,1790.0,1810.0
2002-06-26,1790.0,1790.0,1780.0,1780.0
2002-06-27,1790.0,1810.0,1780.0,1790.0
2002-06-28,1800.0,1850.0,1790.0,1790.0
2002-07-01,1800.0,1830.0,1800.0,1830.0
2002-07-02,1840.0,1850.0,1830.0,1830.0
2002-07-03,1830.0,1870.0,1820.0,1870.0
2002-07-04,1870.0,1870.0,1850.0,1860.0
2002-07-05,1840.0,1860.0,1840.0,1860.0
2002-07-08,1880.0,1880.0,1820.0,1820.0
2002-07-09,1850.0,1860.0,1820.0,1860.0
2002-07-10,1860.0,1880.0,1840.0,1840.0
2002-07-11,1840.0,1840.0,1820.0,1830.0
2002-07-12,1850.0,1870.0,1820.0,1820.0
2002-07-15,1820.0,1850.0,1820.0,1820.0
2002-07-16,1820.0,1820.0,1790.0,1790.0
2002-07-17,1790.0,1820.0,1780.0,1810.0
2002-07-18,1830.0,1830.0,1800.0,1830.0
2002-07-19,1820.0,1820.0,1800.0,1800.0
2002-07-22,1800.0,1830.0,1800.0,1810.0
2002-07-23,1810.0,1820.0,1810.0,1810.0
2002-07-24,1820.0,1860.0,1820.0,1830.0
2002-07-25,1850.0,1880.0,1850.0,1860.0
2002-07-26,1850.0,1860.0,1820.0,1820.0
2002-07-29,1820.0,1850.0,1820.0,1820.0
2002-07-30,1830.0,1850.0,1820.0,1820.0
2002-07-31,1810.0,1820.0,1810.0,1810.0
2002-08-01,1810.0,1850.0,1810.0,1820.0
2002-08-02,1830.0,1840.0,1810.0,1820.0
2002-08-05,1810.0,1840.0,1810.0,1820.0
2002-08-06,1830.0,1840.0,1820.0,1840.0
2002-08-07,1850.0,1850.0,1840.0,1850.0
2002-08-08,1840.0,1850.0,1840.0,1840.0
2002-08-09,1860.0,1930.0,1860.0,1930.0
2002-08-12,1830.0,1860.0,1830.0,1840.0
2002-08-13,1840.0,1860.0,1840.0,1840.0
2002-08-14,1840.0,1860.0,1840.0,1850.0
2002-08-15,1870.0,1890.0,1850.0,1890.0
2002-08-16,1890.0,1890.0,1870.0,1880.0
2002-08-19,1890.0,1890.0,1870.0,1870.0
2002-08-20,1860.0,1870.0,1840.0,1840.0
2002-08-21,1850.0,1850.0,1820.0,1820.0
2002-08-22,1820.0,1850.0,1820.0,1830.0
2002-08-23,1830.0,1830.0,1830.0,1830.0
2002-08-26,1850.0,1890.0,1850.0,1870.0
2002-08-27,1870.0,1870.0,1830.0,1840.0
2002-08-28,1850.0,1850.0,1830.0,1830.0
2002-08-29,1830.0,1840.0,1820.0,1820.0
2002-08-30,1840.0,1840.0,1820.0,1840.0
2002-09-02,1840.0,1840.0,1820.0,1820.0
2002-09-03,1820.0,1830.0,1810.0,1810.0
2002-09-04,1810.0,1820.0,1800.0,1800.0
2002-09-05,1820.0,1820.0,1800.0,1810.0
2002-09-06,1810.0,1810.0,1800.0,1800.0
2002-09-09,1810.0,1820.0,1800.0,1810.0
2002-09-10,1810.0,1820.0,1810.0,1810.0
2002-09-11,1810.0,1820.0,1800.0,1810.0
2002-09-12,1810.0,1820.0,1800.0,1820.0
2002-09-13,1730.0,1790.0,1730.0,1790.0
2002-09-16,1790.0,1790.0,1790.0,1790.0
2002-09-17,1810.0,1860.0,1810.0,1860.0
2002-09-18,1810.0,1880.0,1810.0,1880.0
2002-09-19,1880.0,1910.0,1880.0,1900.0
2002-09-20,1880.0,1910.0,1860.0,1880.0
2002-09-23,1880.0,1880.0,1880.0,1880.0
2002-09-24,1910.0,1920.0,1890.0,1920.0
2002-09-25,1880.0,1890.0,1850.0,1860.0
2002-09-26,1860.0,1880.0,1860.0,1880.0
2002-09-27,1890.0,1900.0,1890.0,1900.0
2002-09-30,1880.0,1900.0,1850.0,1860.0
2002-10-01,1860.0,1880.0,1850.0,1860.0
2002-10-02,1880.0,1880.0,1860.0,1860.0
2002-10-03,1860.0,1880.0,1860.0,1880.0
2002-10-04,1870.0,1890.0,1860.0,1890.0
2002-10-07,1880.0,1880.0,1860.0,1860.0
2002-10-08,1860.0,1870.0,1840.0,1870.0
2002-10-09,1850.0,1860.0,1810.0,1810.0
2002-10-10,1810.0,1840.0,1810.0,1820.0
2002-10-11,1840.0,1850.0,1830.0,1850.0
2002-10-14,1850.0,1850.0,1850.0,1850.0
2002-10-15,1820.0,1860.0,1820.0,1850.0
2002-10-16,1870.0,1890.0,1850.0,1850.0
2002-10-17,1860.0,1870.0,1850.0,1870.0
2002-10-18,1870.0,1870.0,1840.0,1840.0
2002-10-21,1860.0,1880.0,1840.0,1870.0
2002-10-22,1880.0,1880.0,1830.0,1830.0
2002-10-23,1810.0,1840.0,1800.0,1840.0
2002-10-24,1840.0,1840.0,1820.0,1840.0
2002-10-25,1840.0,1870.0,1840.0,1870.0
2002-10-28,1860.0,1870.0,1840.0,1870.0
2002-10-29,1880.0,1880.0,1840.0,1840.0
2002-10-30,1850.0,1860.0,1840.0,1850.0
2002-10-31,1860.0,1880.0,1860.0,1870.0
2002-11-01,1880.0,1880.0,1860.0,1880.0
2002-11-04,1880.0,1880.0,1880.0,1880.0
2002-11-05,1880.0,1900.0,1870.0,1900.0
2002-11-06,1900.0,1900.0,1870.0,1870.0
2002-11-07,1870.0,1890.0,1870.0,1870.0
2002-11-08,1860.0,1890.0,1860.0,1870.0
2002-11-11,1880.0,1880.0,1850.0,1850.0
2002-11-12,1840.0,1870.0,1840.0,1870.0
2002-11-13,1860.0,1870.0,1850.0,1850.0
2002-11-14,1850.0,1860.0,1840.0,1850.0
2002-11-15,1850.0,1870.0,1840.0,1860.0
2002-11-18,1870.0,1870.0,1850.0,1860.0
2002-11-19,1860.0,1860.0,1840.0,1840.0
2002-11-20,1850.0,1860.0,1840.0,1860.0
2002-11-21,1840.0,1860.0,1830.0,1850.0
2002-11-22,1860.0,1860.0,1840.0,1860.0
2002-11-25,1860.0,1880.0,1860.0,1860.0
2002-11-26,1860.0,1880.0,1840.0,1840.0
2002-11-27,1860.0,1880.0,1860.0,1880.0
2002-11-28,1880.0,1880.0,1850.0,1850.0
2002-11-29,1860.0,1900.0,1860.0,1900.0
2002-12-02,1900.0,1900.0,1900.0,1900.0
2002-12-03,1890.0,1900.0,1870.0,1880.0
2002-12-04,1880.0,1900.0,1870.0,1880.0
2002-12-05,1890.0,1890.0,1880.0,1890.0
2002-12-06,1880.0,1900.0,1880.0,1880.0
2002-12-09,1880.0,1880.0,1870.0,1870.0
2002-12-10,1880.0,1900.0,1880.0,1900.0
2002-12-11,1900.0,1900.0,1890.0,1890.0
2002-12-12,1900.0,1900.0,1890.0,1890.0
2002-12-13,1870.0,1900.0,1850.0,1870.0
2002-12-16,1850.0,1860.0,1850.0,1860.0
2002-12-17,1870.0,1880.0,1860.0,1870.0
2002-12-18,1870.0,1870.0,1850.0,1860.0
2002-12-19,1850.0,1860.0,1850.0,1860.0
2002-12-20,1850.0,1870.0,1840.0,1870.0
2002-12-23,1870.0,1870.0,1870.0,1870.0
2002-12-24,1850.0,1870.0,1850.0,1870.0
2002-12-25,1870.0,1890.0,1870.0,1880.0
2002-12-26,1890.0,1910.0,1890.0,1910.0
2002-12-27,1910.0,1920.0,1900.0,1910.0
2002-12-30,1900.0,1920.0,1900.0,1900.0
2002-12-31,1900.0,1900.0,1900.0,1900.0
2003-01-01,1900.0,1900.0,1900.0,1900.0
2003-01-02,1900.0,1900.0,1900.0,1900.0
2003-01-03,1900.0,1900.0,1900.0,1900.0
2003-01-06,1910.0,1940.0,1910.0,1940.0
2003-01-07,1950.0,1950.0,1920.0,1920.0
2003-01-08,1910.0,1920.0,1910.0,1910.0
2003-01-09,1900.0,1930.0,1900.0,1930.0
2003-01-10,1910.0,1930.0,1910.0,1920.0
2003-01-13,1920.0,1920.0,1920.0,1920.0
2003-01-14,1930.0,1940.0,1910.0,1930.0
2003-01-15,1930.0,1940.0,1920.0,1940.0
2003-01-16,1920.0,1930.0,1920.0,1930.0
2003-01-17,1920.0,1930.0,1910.0,1910.0
2003-01-20,1920.0,1940.0,1910.0,1940.0
2003-01-21,1940.0,1940.0,1920.0,1920.0
2003-01-22,1920.0,1920.0,1900.0,1900.0
2003-01-23,1900.0,1920.0,1900.0,1910.0
2003-01-24,1910.0,1930.0,1910.0,1910.0
2003-01-27,1910.0,1920.0,1900.0,1900.0
2003-01-28,1900.0,1910.0,1890.0,1900.0
2003-01-29,1910.0,1910.0,1870.0,1870.0
2003-01-30,1880.0,1890.0,1870.0,1870.0
2003-01-31,1880.0,1880.0,1860.0,1860.0
2003-02-03,1870.0,1910.0,1860.0,1910.0
2003-02-04,1920.0,1920.0,1910.0,1920.0
2003-02-05,1920.0,1940.0,1900.0,1910.0
2003-02-06,1910.0,1920.0,1890.0,1890.0
2003-02-07,1900.0,1930.0,1900.0,1920.0
2003-02-10,1920.0,1930.0,1910.0,1920.0
2003-02-11,1920.0,1920.0,1920.0,1920.0
2003-02-12,1930.0,1940.0,1920.0,1930.0
2003-02-13,1940.0,1950.0,1920.0,1940.0
2003-02-14,1890.0,1930.0,1890.0,1910.0
2003-02-17,1920.0,1950.0,1910.0,1950.0
2003-02-18,1940.0,1970.0,1940.0,1960.0
2003-02-19,1970.0,1970.0,1950.0,1950.0
2003-02-20,1960.0,1960.0,1940.0,1950.0
2003-02-21,1950.0,1960.0,1940.0,1950.0
2003-02-24,1950.0,1960.0,1940.0,1940.0
2003-02-25,1940.0,1950.0,1910.0,1910.0
2003-02-26,1910.0,1930.0,1880.0,1890.0
2003-02-27,1900.0,1910.0,1890.0,1900.0
2003-02-28,1900.0,1920.0,1900.0,1900.0
2003-03-03,1900.0,1930.0,1900.0,1920.0
2003-03-04,1940.0,1950.0,1930.0,1930.0
2003-03-05,1930.0,1940.0,1920.0,1920.0
2003-03-06,1930.0,1950.0,1920.0,1930.0
2003-03-07,1940.0,1950.0,1920.0,1920.0
2003-03-10,1920.0,1940.0,1920.0,1920.0
2003-03-11,1920.0,1920.0,1890.0,1890.0
2003-03-12,1890.0,1910.0,1890.0,1910.0
2003-03-13,1910.0,1920.0,1910.0,1910.0
2003-03-14,1930.0,1930.0,1900.0,1920.0
2003-03-17,1920.0,1930.0,1910.0,1920.0
2003-03-18,1930.0,1950.0,1920.0,1920.0
2003-03-19,1930.0,1930.0,1920.0,1930.0
2003-03-20,1930.0,1950.0,1930.0,1950.0
2003-03-21,1950.0,1950.0,1950.0,1950.0
2003-03-24,1960.0,1970.0,1950.0,1960.0
2003-03-25,1970.0,1970.0,1940.0,1960.0
2003-03-26,1950.0,1950.0,1910.0,1930.0
2003-03-27,1930.0,1950.0,1920.0,1930.0
2003-03-28,1940.0,1950.0,1930.0,1930.0
2003-03-31,1930.0,1940.0,1910.0,1910.0
2003-04-01,1910.0,1920.0,1890.0,1910.0
2003-04-02,1910.0,1930.0,1900.0,1930.0
2003-04-03,1940.0,1940.0,1920.0,1920.0
2003-04-04,1940.0,1950.0,1920.0,1950.0
2003-04-07,1930.0,1950.0,1930.0,1940.0
2003-04-08,1950.0,1950.0,1930.0,1940.0
2003-04-09,1930.0,1940.0,1910.0,1930.0
2003-04-10,1920.0,1930.0,1920.0,1920.0
2003-04-11,1910.0,1930.0,1910.0,1920.0
2003-04-14,1920.0,1930.0,1910.0,1920.0
2003-04-15,1930.0,1940.0,1920.0,1930.0
2003-04-16,1940.0,1950.0,1930.0,1930.0
2003-04-17,1930.0,1960.0,1930.0,1950.0
2003-04-18,1950.0,1950.0,1930.0,1930.0
2003-04-21,1940.0,1960.0,1930.0,1960.0
2003-04-22,1960.0,1970.0,1950.0,1950.0
2003-04-23,1950.0,1960.0,1950.0,1950.0
2003-04-24,1950.0,1960.0,1920.0,1920.0
2003-04-25,1920.0,1940.0,1920.0,1930.0
2003-04-28,1930.0,1940.0,1920.0,1930.0
2003-04-29,1930.0,1930.0,1930.0,1930.0
2003-04-30,1940.0,1950.0,1940.0,1940.0
2003-05-01,1940.0,1950.0,1930.0,1950.0
2003-05-02,1950.0,1960.0,1940.0,1960.0
2003-05-05,1960.0,1960.0,1960.0,1960.0
2003-05-06,1970.0,1970.0,1950.0,1960.0
2003-05-07,1960.0,1970.0,1950.0,1950.0
2003-05-08,1970.0,2000.0,1970.0,1970.0
2003-05-09,1970.0,1980.0,1960.0,1980.0
2003-05-12,1980.0,1980.0,1950.0,1950.0
2003-05-13,1960.0,1970.0,1940.0,1940.0
2003-05-14,1960.0,1980.0,1960.0,1960.0
2003-05-15,1960.0,1990.0,1950.0,1980.0
2003-05-16,1980.0,1990.0,1960.0,1970.0
2003-05-19,1980.0,1980.0,1950.0,1970.0
2003-05-20,1960.0,1980.0,1960.0,1980.0
2003-05-21,1980.0,1990.0,1970.0,1970.0
2003-05-22,1970.0,1980.0,1960.0,1970.0
2003-05-23,1970.0,2010.0,1970.0,1990.0
2003-05-26,2000.0,2030.0,2000.0,2010.0
2003-05-27,2010.0,2010.0,1970.0,1970.0
2003-05-28,1990.0,1990.0,1970.0,1970.0
2003-05-29,1970.0,1980.0,1970.0,1970.0
2003-05-30,1970.0,1970.0,1950.0,1950.0
2003-06-02,1970.0,1970.0,1960.0,1960.0
2003-06-03,1960.0,1970.0,1960.0,1960.0
2003-06-04,1970.0,1970.0,1960.0,1960.0
2003-06-05,1960.0,1970.0,1960.0,1960.0
2003-06-06,1970.0,1970.0,1960.0,1960.0
2003-06-09,1970.0,1970.0,1960.0,1960.0
2003-06-10,1960.0,1970.0,1950.0,1950.0
2003-06-11,1960.0,1980.0,1960.0,1960.0
2003-06-12,1960.0,1980.0,1960.0,1960.0
2003-06-13,1970.0,1980.0,1960.0,1960.0
2003-06-16,1960.0,1970.0,1960.0,1970.0
2003-06-17,1970.0,1980.0,1960.0,1970.0
2003-06-18,1970.0,1980.0,1960.0,1970.0
2003-06-19,1970.0,1970.0,1960.0,1960.0
2003-06-20,1960.0,1970.0,1950.0,1950.0
2003-06-23,1960.0,1960.0,1950.0,1950.0
2003-06-24,1960.0,1960.0,1950.0,1950.0
2003-06-25,1950.0,1970.0,1950.0,1950.0
2003-06-26,1960.0,1960.0,1950.0,1960.0
2003-06-27,1960.0,1970.0,1960.0,1960.0
2003-06-30,1980.0,1990.0,1950.0,1950.0
2003-07-01,1950.0,1970.0,1950.0,1960.0
2003-07-02,1970.0,1980.0,1960.0,1970.0
2003-07-03,1980.0,1990.0,1970.0,1970.0
2003-07-04,1990.0,2000.0,1980.0,1980.0
2003-07-07,1980.0,1990.0,1970.0,1970.0
2003-07-08,1980.0,1980.0,1960.0,1970.0
2003-07-09,1980.0,1980.0,1960.0,1970.0
2003-07-10,1970.0,1990.0,1970.0,1970.0
2003-07-11,1970.0,1980.0,1960.0,1960.0
2003-07-14,1960.0,1970.0,1960.0,1960.0
2003-07-15,1970.0,1980.0,1960.0,1960.0
2003-07-16,1970.0,1970.0,1950.0,1950.0
2003-07-17,1960.0,1970.0,1950.0,1970.0
2003-07-18,1970.0,1980.0,1960.0,1960.0
2003-07-21,1960.0,1960.0,1960.0,1960.0
2003-07-22,1960.0,1970.0,1950.0,1950.0
2003-07-23,1950.0,1970.0,1950.0,1970.0
2003-07-24,1970.0,1970.0,1960.0,1960.0
2003-07-25,1960.0,1980.0,1960.0,1970.0
2003-07-28,1980.0,1990.0,1970.0,1980.0
2003-07-29,1990.0,1990.0,1980.0,1980.0
2003-07-30,1980.0,1990.0,1980.0,1990.0
2003-07-31,1980.0,1990.0,1960.0,1960.0
2003-08-01,1980.0,1980.0,1970.0,1970.0
2003-08-04,1980.0,1990.0,1980.0,1980.0
2003-08-05,1980.0,1990.0,1970.0,1970.0
2003-08-06,1970.0,1980.0,1970.0,1970.0
2003-08-07,1970.0,1980.0,1960.0,1960.0
2003-08-08,1960.0,1980.0,1960.0,1960.0
2003-08-11,1960.0,1970.0,1950.0,1950.0
2003-08-12,1970.0,1970.0,1950.0,1950.0
2003-08-13,1950.0,1960.0,1950.0,1950.0
2003-08-14,1950.0,1960.0,1950.0,1950.0
2003-08-15,1960.0,1960.0,1960.0,1960.0
2003-08-18,1960.0,1980.0,1960.0,1960.0
2003-08-19,1970.0,1970.0,1950.0,1950.0
2003-08-20,1950.0,1960.0,1940.0,1950.0
2003-08-21,1950.0,1950.0,1940.0,1940.0
2003-08-22,1930.0,1940.0,1920.0,1920.0
2003-08-25,1930.0,1930.0,1910.0,1920.0
2003-08-26,1940.0,1940.0,1920.0,1920.0
2003-08-27,1920.0,1940.0,1920.0,1930.0
2003-08-28,1930.0,1940.0,1920.0,1920.0
2003-08-29,1920.0,1930.0,1910.0,1920.0
2003-09-01,1930.0,1930.0,1910.0,1930.0
2003-09-02,1910.0,1930.0,1910.0,1910.0
2003-09-03,1910.0,1930.0,1910.0,1910.0
2003-09-04,1920.0,1930.0,1910.0,1920.0
2003-09-05,1940.0,1940.0,1920.0,1920.0
2003-09-08,1930.0,1930.0,1920.0,1920.0
2003-09-09,1920.0,1930.0,1920.0,1920.0
2003-09-10,1930.0,1930.0,1920.0,1920.0
2003-09-11,1930.0,1930.0,1920.0,1920.0
2003-09-12,1930.0,1970.0,1920.0,1950.0
2003-09-15,1950.0,1950.0,1950.0,1950.0
2003-09-16,1960.0,1970.0,1940.0,1940.0
2003-09-17,1940.0,1960.0,1940.0,1940.0
2003-09-18,1960.0,1960.0,1950.0,1950.0
2003-09-19,1960.0,1990.0,1950.0,1990.0
2003-09-22,1990.0,2000.0,1970.0,1990.0
2003-09-23,1990.0,1990.0,1990.0,1990.0
2003-09-24,1980.0,1990.0,1970.0,1970.0
2003-09-25,1970.0,1970.0,1950.0,1950.0
2003-09-26,1950.0,1960.0,1950.0,1950.0
2003-09-29,1960.0,1960.0,1940.0,1940.0
2003-09-30,1940.0,1950.0,1940.0,1950.0
2003-10-01,1950.0,1950.0,1940.0,1940.0
2003-10-02,1950.0,1960.0,1940.0,1960.0
2003-10-03,1950.0,1960.0,1950.0,1950.0
2003-10-06,1950.0,1950.0,1940.0,1940.0
2003-10-07,1950.0,1950.0,1940.0,1940.0
2003-10-08,1950.0,1950.0,1940.0,1940.0
2003-10-09,1940.0,1950.0,1940.0,1940.0
2003-10-10,1950.0,1950.0,1940.0,1940.0
2003-10-13,1940.0,1940.0,1940.0,1940.0
2003-10-14,1950.0,1960.0,1940.0,1940.0
2003-10-15,1940.0,1950.0,1940.0,1940.0
2003-10-16,1950.0,1950.0,1940.0,1940.0
2003-10-17,1940.0,1950.0,1930.0,1930.0
2003-10-20,1940.0,1940.0,1930.0,1930.0
2003-10-21,1920.0,1920.0,1890.0,1900.0
2003-10-22,1900.0,1910.0,1890.0,1900.0
2003-10-23,1910.0,1910.0,1880.0,1880.0
2003-10-24,1900.0,1920.0,1890.0,1900.0
2003-10-27,1910.0,1910.0,1900.0,1900.0
2003-10-28,1900.0,1910.0,1900.0,1900.0
2003-10-29,1910.0,1920.0,1900.0,1900.0
2003-10-30,1900.0,1910.0,1900.0,1900.0
2003-10-31,1900.0,1930.0,1890.0,1910.0
2003-11-03,1910.0,1910.0,1910.0,1910.0
2003-11-04,1920.0,1950.0,1910.0,1930.0
2003-11-05,1940.0,1940.0,1920.0,1920.0
2003-11-06,1920.0,1940.0,1910.0,1910.0
2003-11-07,1940.0,1950.0,1930.0,1930.0
2003-11-10,1950.0,1960.0,1930.0,1940.0
2003-11-11,1930.0,1950.0,1930.0,1930.0
2003-11-12,1940.0,1940.0,1920.0,1920.0
2003-11-13,1920.0,1940.0,1920.0,1940.0
2003-11-14,1940.0,1940.0,1930.0,1940.0
2003-11-17,1940.0,1940.0,1900.0,1900.0
2003-11-18,1900.0,1930.0,1880.0,1890.0
2003-11-19,1910.0,1930.0,1910.0,1920.0
2003-11-20,1910.0,1950.0,1910.0,1930.0
2003-11-21,1940.0,1950.0,1930.0,1940.0
2003-11-24,1940.0,1940.0,1940.0,1940.0
2003-11-25,1950.0,1950.0,1940.0,1950.0
2003-11-26,1950.0,1960.0,1940.0,1950.0
2003-11-27,1960.0,1970.0,1950.0,1950.0
2003-11-28,1950.0,1970.0,1950.0,1970.0
2003-12-01,1950.0,1970.0,1950.0,1970.0
2003-12-02,1970.0,1970.0,1940.0,1940.0
2003-12-03,1950.0,1960.0,1940.0,1940.0
2003-12-04,1940.0,1960.0,1940.0,1950.0
2003-12-05,1940.0,1960.0,1940.0,1950.0
2003-12-08,1950.0,1950.0,1940.0,1940.0
2003-12-09,1940.0,1960.0,1940.0,1960.0
2003-12-10,1960.0,1980.0,1960.0,1970.0
2003-12-11,1970.0,1980.0,1960.0,1980.0
2003-12-12,1980.0,1980.0,1960.0,1980.0
2003-12-15,1980.0,1990.0,1970.0,1980.0
2003-12-16,1960.0,1980.0,1960.0,1960.0
2003-12-17,1960.0,1970.0,1960.0,1960.0
2003-12-18,1960.0,1980.0,1960.0,1970.0
2003-12-19,1980.0,1990.0,1970.0,1980.0
2003-12-22,1980.0,1990.0,1970.0,1990.0
2003-12-23,1990.0,1990.0,1990.0,1990.0
2003-12-24,2000.0,2000.0,1980.0,1990.0
2003-12-25,1990.0,2000.0,1990.0,2000.0
2003-12-26,2000.0,2000.0,1980.0,2000.0
2003-12-29,2000.0,2000.0,1980.0,1980.0
2003-12-30,1980.0,1990.0,1980.0,1980.0
2003-12-31,1980.0,1980.0,1980.0,1980.0
2004-01-01,1980.0,1980.0,1980.0,1980.0
2004-01-02,1980.0,1980.0,1980.0,1980.0
2004-01-05,1980.0,1990.0,1980.0,1990.0
2004-01-06,1990.0,1990.0,1980.0,1980.0
2004-01-07,1990.0,1990.0,1980.0,1980.0
2004-01-08,1980.0,1990.0,1980.0,1980.0
2004-01-09,1980.0,2010.0,1980.0,2000.0
2004-01-12,2000.0,2000.0,2000.0,2000.0
2004-01-13,2000.0,2000.0,1980.0,1980.0
2004-01-14,1990.0,1990.0,1970.0,1970.0
2004-01-15,1970.0,1970.0,1930.0,1950.0
2004-01-16,1950.0,1970.0,1950.0,1960.0
2004-01-19,1970.0,1980.0,1960.0,1970.0
2004-01-20,1970.0,1990.0,1960.0,1970.0
2004-01-21,1970.0,2000.0,1970.0,1970.0
2004-01-22,1980.0,1990.0,1960.0,1970.0
2004-01-23,1970.0,1980.0,1960.0,1960.0
2004-01-26,1970.0,1980.0,1960.0,1960.0
2004-01-27,1970.0,1980.0,1960.0,1970.0
2004-01-28,1970.0,1980.0,1970.0,1970.0
2004-01-29,1970.0,1980.0,1960.0,1960.0
2004-01-30,1960.0,1970.0,1960.0,1960.0
2004-02-02,1960.0,1970.0,1960.0,1960.0
2004-02-03,1970.0,1970.0,1960.0,1970.0
2004-02-04,1970.0,1970.0,1950.0,1950.0
2004-02-05,1960.0,1960.0,1950.0,1960.0
2004-02-06,1960.0,1960.0,1950.0,1950.0
2004-02-09,1950.0,1960.0,1950.0,1950.0
2004-02-10,1950.0,1970.0,1950.0,1950.0
2004-02-11,1950.0,1950.0,1950.0,1950.0
2004-02-12,1950.0,1970.0,1950.0,1960.0
2004-02-13,1960.0,1980.0,1960.0,1960.0
2004-02-16,1960.0,1980.0,1960.0,1960.0
2004-02-17,1960.0,1980.0,1960.0,1970.0
2004-02-18,1970.0,1980.0,1970.0,1970.0
2004-02-19,1980.0,1980.0,1970.0,1980.0
2004-02-20,1980.0,1980.0,1970.0,1970.0
2004-02-23,1970.0,1980.0,1970.0,1980.0
2004-02-24,1980.0,1980.0,1970.0,1970.0
2004-02-25,1970.0,1980.0,1960.0,1960.0
2004-02-26,1970.0,1990.0,1970.0,1980.0
2004-02-27,1980.0,1990.0,1970.0,1990.0
2004-03-01,2000.0,2010.0,1990.0,1990.0
2004-03-02,1990.0,2000.0,1990.0,1990.0
2004-03-03,1990.0,2010.0,1990.0,2000.0
2004-03-04,1990.0,2020.0,1990.0,2000.0
2004-03-05,2000.0,2020.0,2000.0,2020.0
2004-03-08,2010.0,2020.0,2000.0,2010.0
2004-03-09,2020.0,2030.0,2010.0,2020.0
2004-03-10,2030.0,2050.0,2030.0,2030.0
2004-03-11,2040.0,2060.0,2030.0,2050.0
2004-03-12,2030.0,2050.0,2030.0,2030.0
2004-03-15,2030.0,2050.0,2030.0,2040.0
2004-03-16,2050.0,2050.0,2030.0,2030.0
2004-03-17,2030.0,2050.0,2030.0,2050.0
2004-03-18,2050.0,2070.0,2030.0,2050.0
2004-03-19,2050.0,2060.0,2030.0,2030.0
2004-03-22,2040.0,2050.0,2040.0,2040.0
2004-03-23,2040.0,2050.0,2040.0,2040.0
2004-03-24,2050.0,2050.0,2030.0,2040.0
2004-03-25,2050.0,2070.0,2040.0,2050.0
2004-03-26,2020.0,2030.0,2020.0,2020.0
2004-03-29,2020.0,2030.0,2020.0,2030.0
2004-03-30,2020.0,2030.0,2020.0,2030.0
2004-03-31,2030.0,2030.0,2010.0,2030.0
2004-04-01,2030.0,2040.0,2010.0,2010.0
2004-04-02,2010.0,2040.0,2010.0,2030.0
2004-04-05,2030.0,2040.0,2020.0,2020.0
2004-04-06,2030.0,2040.0,2020.0,2040.0
2004-04-07,2040.0,2040.0,2020.0,2030.0
2004-04-08,2020.0,2030.0,2020.0,2020.0
2004-04-09,2030.0,2040.0,2020.0,2030.0
2004-04-12,2040.0,2040.0,2020.0,2040.0
2004-04-13,2040.0,2040.0,2030.0,2030.0
2004-04-14,2020.0,2030.0,2020.0,2030.0
2004-04-15,2030.0,2030.0,2010.0,2010.0
2004-04-16,2020.0,2030.0,2020.0,2020.0
2004-04-19,2030.0,2030.0,2010.0,2010.0
2004-04-20,2020.0,2030.0,2010.0,2030.0
2004-04-21,2030.0,2030.0,2020.0,2020.0
2004-04-22,2020.0,2030.0,2020.0,2020.0
2004-04-23,2020.0,2040.0,2020.0,2040.0
2004-04-26,2040.0,2050.0,2030.0,2040.0
2004-04-27,2040.0,2050.0,2040.0,2040.0
2004-04-28,2040.0,2060.0,2040.0,2060.0
2004-04-29,2060.0,2060.0,2060.0,2060.0
2004-04-30,2060.0,2060.0,2040.0,2050.0
2004-05-03,2050.0,2050.0,2050.0,2050.0
2004-05-04,2050.0,2050.0,2050.0,2050.0
2004-05-05,2050.0,2050.0,2050.0,2050.0
2004-05-06,2040.0,2050.0,2010.0,2020.0
2004-05-07,2020.0,2030.0,2010.0,2010.0
2004-05-10,2030.0,2030.0,1990.0,1990.0
2004-05-11,1990.0,2000.0,1980.0,2000.0
2004-05-12,2000.0,2020.0,1980.0,1990.0
2004-05-13,1990.0,2000.0,1970.0,1970.0
2004-05-14,1970.0,1980.0,1940.0,1940.0
2004-05-17,1960.0,1960.0,1940.0,1940.0
2004-05-18,1930.0,1980.0,1930.0,1970.0
2004-05-19,1980.0,2010.0,1970.0,2010.0
2004-05-20,2000.0,2010.0,1990.0,2010.0
2004-05-21,2000.0,2020.0,2000.0,2020.0
2004-05-24,2020.0,2050.0,2000.0,2020.0
2004-05-25,2020.0,2040.0,2020.0,2020.0
2004-05-26,2040.0,2060.0,2030.0,2050.0
2004-05-27,2030.0,2040.0,2020.0,2030.0
2004-05-28,2020.0,2050.0,2020.0,2050.0
2004-05-31,2040.0,2050.0,2030.0,2040.0
2004-06-01,2040.0,2050.0,2040.0,2050.0
2004-06-02,2050.0,2050.0,2030.0,2030.0
2004-06-03,2030.0,2040.0,2020.0,2020.0
2004-06-04,2020.0,2040.0,2020.0,2040.0
2004-06-07,2040.0,2050.0,2040.0,2050.0
2004-06-08,2050.0,2060.0,2040.0,2060.0
2004-06-09,2060.0,2060.0,2050.0,2050.0
2004-06-10,2060.0,2070.0,2060.0,2060.0
2004-06-11,2050.0,2070.0,2050.0,2050.0
2004-06-14,2050.0,2050.0,2040.0,2040.0
2004-06-15,2040.0,2050.0,2030.0,2030.0
2004-06-16,2040.0,2050.0,2030.0,2030.0
2004-06-17,2030.0,2040.0,2030.0,2030.0
2004-06-18,2040.0,2040.0,2030.0,2030.0
2004-06-21,2050.0,2080.0,2050.0,2060.0
2004-06-22,2060.0,2070.0,2040.0,2070.0
2004-06-23,2050.0,2070.0,2040.0,2040.0
2004-06-24,2040.0,2060.0,2040.0,2060.0
2004-06-25,2060.0,2080.0,2060.0,2080.0
2004-06-28,2070.0,2090.0,2070.0,2090.0
2004-06-29,2090.0,2090.0,2070.0,2080.0
2004-06-30,2090.0,2160.0,2090.0,2120.0
2004-07-01,2140.0,2150.0,2090.0,2100.0
2004-07-02,2100.0,2130.0,2100.0,2110.0
2004-07-05,2100.0,2120.0,2080.0,2100.0
2004-07-06,2110.0,2140.0,2100.0,2100.0
2004-07-07,2100.0,2120.0,2100.0,2100.0
2004-07-08,2100.0,2110.0,2090.0,2090.0
2004-07-09,2100.0,2140.0,2100.0,2130.0
2004-07-12,2140.0,2170.0,2120.0,2160.0
2004-07-13,2160.0,2160.0,2130.0,2130.0
2004-07-14,2150.0,2160.0,2140.0,2150.0
2004-07-15,2150.0,2150.0,2120.0,2120.0
2004-07-16,2140.0,2150.0,2110.0,2130.0
2004-07-19,2130.0,2130.0,2130.0,2130.0
2004-07-20,2120.0,2140.0,2120.0,2130.0
2004-07-21,2130.0,2160.0,2130.0,2160.0
2004-07-22,2140.0,2150.0,2130.0,2130.0
2004-07-23,2140.0,2160.0,2140.0,2140.0
2004-07-26,2150.0,2180.0,2150.0,2160.0
2004-07-27,2150.0,2160.0,2140.0,2140.0
2004-07-28,2160.0,2160.0,2130.0,2140.0
2004-07-29,2130.0,2130.0,2090.0,2120.0
2004-07-30,2110.0,2140.0,2100.0,2140.0
2004-08-02,2140.0,2140.0,2120.0,2130.0
2004-08-03,2130.0,2140.0,2120.0,2140.0
2004-08-04,2130.0,2140.0,2120.0,2130.0
2004-08-05,2130.0,2160.0,2130.0,2160.0
2004-08-06,2160.0,2160.0,2130.0,2140.0
2004-08-09,2130.0,2150.0,2120.0,2150.0
2004-08-10,2150.0,2160.0,2140.0,2140.0
2004-08-11,2150.0,2150.0,2140.0,2150.0
2004-08-12,2140.0,2150.0,2140.0,2140.0
2004-08-13,2140.0,2150.0,2130.0,2140.0
2004-08-16,2140.0,2140.0,2120.0,2140.0
2004-08-17,2130.0,2130.0,2120.0,2120.0
2004-08-18,2120.0,2140.0,2120.0,2140.0
2004-08-19,2150.0,2160.0,2140.0,2150.0
2004-08-20,2140.0,2150.0,2130.0,2130.0
2004-08-23,2130.0,2150.0,2130.0,2130.0
2004-08-24,2150.0,2150.0,2130.0,2130.0
2004-08-25,2130.0,2150.0,2130.0,2150.0
2004-08-26,2160.0,2160.0,2140.0,2150.0
2004-08-27,2150.0,2150.0,2140.0,2150.0
2004-08-30,2140.0,2150.0,2140.0,2140.0
2004-08-31,2140.0,2150.0,2140.0,2140.0
2004-09-01,2140.0,2160.0,2140.0,2150.0
2004-09-02,2160.0,2160.0,2150.0,2150.0
2004-09-03,2160.0,2160.0,2150.0,2150.0
2004-09-06,2160.0,2200.0,2160.0,2190.0
2004-09-07,2190.0,2190.0,2160.0,2170.0
2004-09-08,2180.0,2190.0,2170.0,2170.0
2004-09-09,2180.0,2180.0,2150.0,2150.0
2004-09-10,2160.0,2170.0,2150.0,2170.0
2004-09-13,2170.0,2170.0,2150.0,2160.0
2004-09-14,2160.0,2180.0,2160.0,2180.0
2004-09-15,2170.0,2190.0,2160.0,2170.0
2004-09-16,2170.0,2180.0,2170.0,2170.0
2004-09-17,2170.0,2180.0,2170.0,2180.0
2004-09-20,2180.0,2180.0,2180.0,2180.0
2004-09-21,2170.0,2170.0,2150.0,2150.0
2004-09-22,2160.0,2170.0,2150.0,2170.0
2004-09-23,2170.0,2170.0,2170.0,2170.0
2004-09-24,2170.0,2170.0,2140.0,2150.0
2004-09-27,2130.0,2140.0,2110.0,2120.0
2004-09-28,2120.0,2130.0,2110.0,2120.0
2004-09-29,2110.0,2120.0,2100.0,2110.0
2004-09-30,2130.0,2130.0,2110.0,2110.0
2004-10-01,2110.0,2120.0,2090.0,2120.0
2004-10-04,2100.0,2130.0,2100.0,2130.0
2004-10-05,2110.0,2130.0,2110.0,2130.0
2004-10-06,2120.0,2140.0,2120.0,2140.0
2004-10-07,2140.0,2140.0,2120.0,2130.0
2004-10-08,2130.0,2160.0,2130.0,2160.0
2004-10-11,2160.0,2160.0,2160.0,2160.0
2004-10-12,2160.0,2160.0,2140.0,2140.0
2004-10-13,2130.0,2150.0,2130.0,2140.0
2004-10-14,2130.0,2130.0,2120.0,2120.0
2004-10-15,2130.0,2130.0,2110.0,2110.0
2004-10-18,2110.0,2120.0,2110.0,2110.0
2004-10-19,2120.0,2130.0,2120.0,2130.0
2004-10-20,2120.0,2130.0,2120.0,2120.0
2004-10-21,2130.0,2140.0,2120.0,2120.0
2004-10-22,2120.0,2130.0,2120.0,2130.0
2004-10-25,2130.0,2130.0,2110.0,2120.0
2004-10-26,2120.0,2130.0,2110.0,2130.0
2004-10-27,2120.0,2120.0,2100.0,2100.0
2004-10-28,2110.0,2120.0,2100.0,2120.0
2004-10-29,2100.0,2120.0,2100.0,2100.0
2004-11-01,2110.0,2110.0,2100.0,2100.0
2004-11-02,2100.0,2100.0,2090.0,2100.0
2004-11-03,2100.0,2100.0,2100.0,2100.0
2004-11-04,2080.0,2090.0,2080.0,2090.0
2004-11-05,2090.0,2100.0,2080.0,2100.0
2004-11-08,2100.0,2100.0,2080.0,2080.0
2004-11-09,2080.0,2090.0,2080.0,2080.0
2004-11-10,2080.0,2090.0,2080.0,2080.0
2004-11-11,2080.0,2090.0,2070.0,2070.0
2004-11-12,2050.0,2080.0,2050.0,2080.0
2004-11-15,2060.0,2080.0,2060.0,2080.0
2004-11-16,2070.0,2100.0,2070.0,2090.0
2004-11-17,2090.0,2100.0,2080.0,2080.0
2004-11-18,2090.0,2110.0,2090.0,2090.0
2004-11-19,2100.0,2100.0,2090.0,2090.0
2004-11-22,2080.0,2090.0,2070.0,2070.0
2004-11-23,2070.0,2070.0,2070.0,2070.0
2004-11-24,2060.0,2070.0,2050.0,2050.0
2004-11-25,2050.0,2080.0,2050.0,2070.0
2004-11-26,2080.0,2080.0,2060.0,2060.0
2004-11-29,2060.0,2080.0,2060.0,2060.0
2004-11-30,2060.0,2070.0,2050.0,2070.0
2004-12-01,2070.0,2070.0,2060.0,2060.0
2004-12-02,2070.0,2080.0,2060.0,2080.0
2004-12-03,2080.0,2110.0,2080.0,2100.0
2004-12-06,2110.0,2110.0,2100.0,2100.0
2004-12-07,2090.0,2110.0,2090.0,2090.0
2004-12-08,2090.0,2110.0,2090.0,2110.0
2004-12-09,2100.0,2100.0,2060.0,2070.0
2004-12-10,2070.0,2090.0,2070.0,2070.0
2004-12-13,2080.0,2090.0,2070.0,2090.0
2004-12-14,2090.0,2100.0,2090.0,2100.0
2004-12-15,2100.0,2110.0,2100.0,2100.0
2004-12-16,2100.0,2110.0,2100.0,2110.0
2004-12-17,2110.0,2120.0,2100.0,2110.0
2004-12-20,2110.0,2110.0,2100.0,2100.0
2004-12-21,2120.0,2120.0,2110.0,2120.0
2004-12-22,2120.0,2130.0,2120.0,2130.0
2004-12-23,2130.0,2130.0,2130.0,2130.0
2004-12-24,2130.0,2150.0,2130.0,2150.0
2004-12-27,2150.0,2160.0,2140.0,2150.0
2004-12-28,2150.0,2150.0,2130.0,2140.0
2004-12-29,2140.0,2160.0,2140.0,2160.0
2004-12-30,2170.0,2170.0,2150.0,2150.0
2004-12-31,2150.0,2150.0,2150.0,2150.0
2005-01-03,2150.0,2150.0,2150.0,2150.0
2005-01-04,2150.0,2160.0,2150.0,2150.0
2005-01-05,2150.0,2150.0,2140.0,2140.0
2005-01-06,2130.0,2140.0,2130.0,2140.0
2005-01-07,2140.0,2150.0,2140.0,2150.0
2005-01-10,2150.0,2150.0,2150.0,2150.0
2005-01-11,2150.0,2160.0,2140.0,2160.0
2005-01-12,2160.0,2170.0,2140.0,2140.0
2005-01-13,2130.0,2150.0,2130.0,2130.0
2005-01-14,2140.0,2140.0,2120.0,2140.0
2005-01-17,2140.0,2150.0,2140.0,2140.0
2005-01-18,2140.0,2140.0,2120.0,2120.0
2005-01-19,2130.0,2140.0,2120.0,2130.0
2005-01-20,2130.0,2140.0,2130.0,2130.0
2005-01-21,2130.0,2130.0,2120.0,2120.0
2005-01-24,2120.0,2130.0,2120.0,2120.0
2005-01-25,2130.0,2140.0,2130.0,2130.0
2005-01-26,2140.0,2140.0,2130.0,2130.0
2005-01-27,2140.0,2140.0,2130.0,2130.0
2005-01-28,2140.0,2140.0,2130.0,2130.0
2005-01-31,2140.0,2160.0,2140.0,2150.0
2005-02-01,2160.0,2180.0,2150.0,2180.0
2005-02-02,2180.0,2190.0,2170.0,2190.0
2005-02-03,2190.0,2190.0,2170.0,2170.0
2005-02-04,2170.0,2190.0,2170.0,2180.0
2005-02-07,2190.0,2240.0,2180.0,2240.0
2005-02-08,2230.0,2230.0,2200.0,2200.0
2005-02-09,2220.0,2220.0,2200.0,2210.0
2005-02-10,2220.0,2220.0,2190.0,2190.0
2005-02-11,2190.0,2190.0,2190.0,2190.0
2005-02-14,2190.0,2220.0,2190.0,2200.0
2005-02-15,2210.0,2230.0,2190.0,2210.0
2005-02-16,2200.0,2210.0,2180.0,2180.0
2005-02-17,2180.0,2210.0,2180.0,2190.0
2005-02-18,2200.0,2200.0,2190.0,2190.0
2005-02-21,2190.0,2220.0,2190.0,2190.0
2005-02-22,2200.0,2220.0,2190.0,2210.0
2005-02-23,2210.0,2210.0,2190.0,2190.0
2005-02-24,2200.0,2210.0,2180.0,2200.0
2005-02-25,2210.0,2220.0,2200.0,2220.0
2005-02-28,2220.0,2230.0,2200.0,2230.0
2005-03-01,2230.0,2250.0,2220.0,2250.0
2005-03-02,2260.0,2270.0,2240.0,2250.0
2005-03-03,2250.0,2290.0,2240.0,2280.0
2005-03-04,2270.0,2280.0,2270.0,2280.0
2005-03-07,2290.0,2310.0,2250.0,2280.0
2005-03-08,2280.0,2280.0,2250.0,2270.0
2005-03-09,2280.0,2280.0,2250.0,2250.0
2005-03-10,2260.0,2270.0,2240.0,2240.0
2005-03-11,2250.0,2250.0,2230.0,2230.0
2005-03-14,2250.0,2260.0,2240.0,2240.0
2005-03-15,2250.0,2270.0,2240.0,2240.0
2005-03-16,2260.0,2280.0,2250.0,2270.0
2005-03-17,2280.0,2360.0,2270.0,2300.0
2005-03-18,2300.0,2330.0,2300.0,2320.0
2005-03-21,2320.0,2320.0,2320.0,2320.0
2005-03-22,2320.0,2370.0,2310.0,2340.0
2005-03-23,2340.0,2360.0,2330.0,2350.0
2005-03-24,2340.0,2340.0,2310.0,2320.0
2005-03-25,2340.0,2340.0,2320.0,2330.0
2005-03-28,2270.0,2300.0,2270.0,2300.0
2005-03-29,2300.0,2300.0,2240.0,2250.0
2005-03-30,2240.0,2250.0,2240.0,2250.0
2005-03-31,2250.0,2300.0,2240.0,2300.0
2005-04-01,2290.0,2290.0,2260.0,2280.0
2005-04-04,2270.0,2270.0,2250.0,2250.0
2005-04-05,2270.0,2270.0,2250.0,2250.0
2005-04-06,2250.0,2270.0,2250.0,2270.0
2005-04-07,2270.0,2280.0,2250.0,2270.0
2005-04-08,2280.0,2280.0,2270.0,2280.0
2005-04-11,2280.0,2280.0,2260.0,2260.0
2005-04-12,2250.0,2250.0,2230.0,2230.0
2005-04-13,2240.0,2240.0,2220.0,2230.0
2005-04-14,2210.0,2220.0,2200.0,2200.0
2005-04-15,2180.0,2190.0,2160.0,2160.0
2005-04-18,2160.0,2190.0,2130.0,2160.0
2005-04-19,2170.0,2180.0,2150.0,2160.0
2005-04-20,2170.0,2200.0,2170.0,2180.0
2005-04-21,2160.0,2160.0,2140.0,2140.0
2005-04-22,2170.0,2170.0,2150.0,2150.0
2005-04-25,2160.0,2170.0,2150.0,2160.0
2005-04-26,2170.0,2180.0,2160.0,2170.0
2005-04-27,2170.0,2180.0,2160.0,2180.0
2005-04-28,2170.0,2180.0,2160.0,2160.0
2005-04-29,2160.0,2160.0,2160.0,2160.0
2005-05-02,2160.0,2180.0,2160.0,2170.0
2005-05-03,2170.0,2170.0,2170.0,2170.0
2005-05-04,2170.0,2170.0,2170.0,2170.0
2005-05-05,2170.0,2170.0,2170.0,2170.0
2005-05-06,2190.0,2210.0,2190.0,2210.0
2005-05-09,2210.0,2250.0,2200.0,2230.0
2005-05-10,2230.0,2250.0,2220.0,2230.0
2005-05-11,2230.0,2230.0,2200.0,2220.0
2005-05-12,2220.0,2230.0,2200.0,2200.0
2005-05-13,2200.0,2220.0,2200.0,2200.0
2005-05-16,2200.0,2210.0,2180.0,2190.0
2005-05-17,2200.0,2210.0,2180.0,2180.0
2005-05-18,2180.0,2200.0,2180.0,2180.0
2005-05-19,2190.0,2230.0,2180.0,2220.0
2005-05-20,2210.0,2210.0,2200.0,2200.0
2005-05-23,2200.0,2200.0,2190.0,2200.0
2005-05-24,2200.0,2200.0,2190.0,2200.0
2005-05-25,2200.0,2220.0,2190.0,2190.0
2005-05-26,2200.0,2210.0,2180.0,2190.0
2005-05-27,2200.0,2210.0,2190.0,2210.0
2005-05-30,2220.0,2230.0,2200.0,2220.0
2005-05-31,2220.0,2220.0,2210.0,2220.0
2005-06-01,2210.0,2240.0,2210.0,2240.0
2005-06-02,2220.0,2240.0,2220.0,2220.0
2005-06-03,2220.0,2230.0,2210.0,2220.0
2005-06-06,2220.0,2220.0,2200.0,2200.0
2005-06-07,2210.0,2220.0,2210.0,2220.0
2005-06-08,2220.0,2230.0,2210.0,2210.0
2005-06-09,2220.0,2230.0,2220.0,2220.0
2005-06-10,2230.0,2250.0,2220.0,2250.0
2005-06-13,2250.0,2250.0,2230.0,2240.0
2005-06-14,2240.0,2250.0,2230.0,2230.0
2005-06-15,2240.0,2260.0,2230.0,2250.0
2005-06-16,2260.0,2270.0,2240.0,2240.0
2005-06-17,2260.0,2270.0,2240.0,2250.0
2005-06-20,2260.0,2280.0,2250.0,2260.0
2005-06-21,2270.0,2280.0,2250.0,2260.0
2005-06-22,2260.0,2300.0,2260.0,2290.0
2005-06-23,2290.0,2290.0,2260.0,2260.0
2005-06-24,2270.0,2290.0,2270.0,2290.0
2005-06-27,2290.0,2290.0,2260.0,2270.0
2005-06-28,2280.0,2310.0,2270.0,2310.0
2005-06-29,2300.0,2320.0,2290.0,2320.0
2005-06-30,2320.0,2320.0,2300.0,2310.0
2005-07-01,2310.0,2330.0,2300.0,2310.0
2005-07-04,2330.0,2350.0,2310.0,2340.0
2005-07-05,2340.0,2350.0,2330.0,2340.0
2005-07-06,2340.0,2360.0,2310.0,2330.0
2005-07-07,2330.0,2330.0,2310.0,2310.0
2005-07-08,2300.0,2340.0,2290.0,2320.0
2005-07-11,2270.0,2330.0,2270.0,2320.0
2005-07-12,2320.0,2340.0,2320.0,2340.0
2005-07-13,2340.0,2350.0,2320.0,2340.0
2005-07-14,2330.0,2350.0,2330.0,2340.0
2005-07-15,2340.0,2360.0,2340.0,2340.0
2005-07-18,2340.0,2340.0,2340.0,2340.0
2005-07-19,2370.0,2370.0,2350.0,2350.0
2005-07-20,2390.0,2590.0,2380.0,2480.0
2005-07-21,2440.0,2460.0,2410.0,2450.0
2005-07-22,2450.0,2450.0,2430.0,2430.0
2005-07-25,2450.0,2470.0,2450.0,2460.0
2005-07-26,2460.0,2480.0,2450.0,2470.0
2005-07-27,2470.0,2480.0,2450.0,2480.0
2005-07-28,2480.0,2480.0,2460.0,2460.0
2005-07-29,2470.0,2500.0,2460.0,2460.0
2005-08-01,2480.0,2480.0,2470.0,2480.0
2005-08-02,2490.0,2500.0,2480.0,2500.0
2005-08-03,2500.0,2510.0,2480.0,2480.0
2005-08-04,2490.0,2490.0,2460.0,2460.0
2005-08-05,2460.0,2460.0,2410.0,2420.0
2005-08-08,2390.0,2410.0,2310.0,2400.0
2005-08-09,2410.0,2440.0,2410.0,2430.0
2005-08-10,2450.0,2480.0,2450.0,2480.0
2005-08-11,2500.0,2500.0,2480.0,2490.0
2005-08-12,2470.0,2480.0,2450.0,2460.0
2005-08-15,2450.0,2470.0,2430.0,2450.0
2005-08-16,2460.0,2460.0,2440.0,2460.0
2005-08-17,2460.0,2460.0,2440.0,2440.0
2005-08-18,2460.0,2460.0,2430.0,2440.0
2005-08-19,2440.0,2450.0,2440.0,2440.0
2005-08-22,2430.0,2450.0,2430.0,2440.0
2005-08-23,2450.0,2470.0,2450.0,2450.0
2005-08-24,2450.0,2460.0,2450.0,2460.0
2005-08-25,2470.0,2470.0,2450.0,2460.0
2005-08-26,2470.0,2470.0,2460.0,2470.0
2005-08-29,2460.0,2470.0,2440.0,2440.0
2005-08-30,2440.0,2450.0,2430.0,2440.0
2005-08-31,2450.0,2450.0,2430.0,2440.0
2005-09-01,2460.0,2470.0,2440.0,2440.0
2005-09-02,2460.0,2480.0,2440.0,2460.0
2005-09-05,2460.0,2480.0,2450.0,2460.0
2005-09-06,2470.0,2470.0,2450.0,2450.0
2005-09-07,2470.0,2470.0,2450.0,2450.0
2005-09-08,2460.0,2470.0,2450.0,2450.0
2005-09-09,2460.0,2480.0,2450.0,2480.0
2005-09-12,2480.0,2490.0,2480.0,2490.0
2005-09-13,2490.0,2520.0,2480.0,2510.0
2005-09-14,2500.0,2520.0,2490.0,2500.0
2005-09-15,2500.0,2520.0,2500.0,2510.0
2005-09-16,2520.0,2530.0,2520.0,2520.0
2005-09-19,2520.0,2520.0,2520.0,2520.0
2005-09-20,2530.0,2560.0,2520.0,2560.0
2005-09-21,2570.0,2570.0,2550.0,2550.0
2005-09-22,2550.0,2580.0,2550.0,2570.0
2005-09-23,2570.0,2570.0,2570.0,2570.0
2005-09-26,2590.0,2650.0,2590.0,2630.0
2005-09-27,2640.0,2640.0,2580.0,2580.0
2005-09-28,2600.0,2610.0,2580.0,2590.0
2005-09-29,2620.0,2620.0,2600.0,2610.0
2005-09-30,2610.0,2610.0,2560.0,2560.0
2005-10-03,2570.0,2570.0,2460.0,2510.0
2005-10-04,2520.0,2530.0,2510.0,2520.0
2005-10-05,2540.0,2540.0,2520.0,2530.0
2005-10-06,2530.0,2540.0,2510.0,2510.0
2005-10-07,2510.0,2540.0,2480.0,2490.0
2005-10-10,2490.0,2490.0,2490.0,2490.0
2005-10-11,2490.0,2500.0,2490.0,2500.0
2005-10-12,2510.0,2540.0,2500.0,2530.0
2005-10-13,2520.0,2530.0,2470.0,2500.0
2005-10-14,2500.0,2500.0,2470.0,2470.0
2005-10-17,2480.0,2490.0,2460.0,2460.0
2005-10-18,2470.0,2480.0,2450.0,2450.0
2005-10-19,2460.0,2460.0,2430.0,2430.0
2005-10-20,2460.0,2470.0,2440.0,2440.0
2005-10-21,2440.0,2460.0,2430.0,2460.0
2005-10-24,2470.0,2500.0,2460.0,2460.0
2005-10-25,2480.0,2500.0,2480.0,2480.0
2005-10-26,2500.0,2550.0,2500.0,2540.0
2005-10-27,2550.0,2560.0,2540.0,2550.0
2005-10-28,2550.0,2640.0,2550.0,2640.0
2005-10-31,2600.0,2680.0,2590.0,2640.0
2005-11-01,2650.0,2680.0,2640.0,2670.0
2005-11-02,2670.0,2690.0,2650.0,2650.0
2005-11-03,2650.0,2650.0,2640.0,2640.0
2005-11-04,2670.0,2680.0,2640.0,2640.0
2005-11-07,2640.0,2650.0,2620.0,2630.0
2005-11-08,2650.0,2660.0,2640.0,2650.0
2005-11-09,2640.0,2640.0,2600.0,2600.0
2005-11-10,2610.0,2630.0,2600.0,2630.0
2005-11-11,2630.0,2630.0,2600.0,2610.0
2005-11-14,2620.0,2620.0,2600.0,2600.0
2005-11-15,2600.0,2620.0,2600.0,2600.0
2005-11-16,2600.0,2600.0,2580.0,2590.0
2005-11-17,2590.0,2610.0,2590.0,2610.0
2005-11-18,2620.0,2630.0,2600.0,2620.0
2005-11-21,2620.0,2630.0,2600.0,2600.0
2005-11-22,2610.0,2630.0,2600.0,2620.0
2005-11-23,2620.0,2620.0,2620.0,2620.0
2005-11-24,2630.0,2630.0,2600.0,2600.0
2005-11-25,2610.0,2620.0,2590.0,2620.0
2005-11-28,2610.0,2620.0,2580.0,2590.0
2005-11-29,2590.0,2600.0,2590.0,2600.0
2005-11-30,2590.0,2610.0,2580.0,2590.0
2005-12-01,2600.0,2610.0,2590.0,2610.0
2005-12-02,2620.0,2630.0,2610.0,2610.0
2005-12-05,2620.0,2640.0,2610.0,2640.0
2005-12-06,2610.0,2630.0,2610.0,2610.0
2005-12-07,2620.0,2630.0,2610.0,2620.0
2005-12-08,2620.0,2630.0,2600.0,2620.0
2005-12-09,2620.0,2630.0,2600.0,2620.0
2005-12-12,2630.0,2640.0,2620.0,2630.0
2005-12-13,2630.0,2640.0,2620.0,2620.0
2005-12-14,2640.0,2650.0,2630.0,2630.0
2005-12-15,2630.0,2640.0,2620.0,2640.0
2005-12-16,2640.0,2640.0,2620.0,2620.0
2005-12-19,2630.0,2630.0,2610.0,2620.0
2005-12-20,2630.0,2650.0,2620.0,2630.0
2005-12-21,2640.0,2670.0,2630.0,2670.0
2005-12-22,2690.0,2730.0,2680.0,2680.0
2005-12-23,2680.0,2680.0,2680.0,2680.0
2005-12-26,2700.0,2720.0,2680.0,2680.0
2005-12-27,2660.0,2660.0,2630.0,2640.0
2005-12-28,2650.0,2690.0,2640.0,2680.0
2005-12-29,2730.0,2730.0,2710.0,2710.0
2005-12-30,2730.0,2730.0,2710.0,2710.0
2006-01-02,2710.0,2710.0,2710.0,2710.0
2006-01-03,2710.0,2710.0,2710.0,2710.0
2006-01-04,2750.0,2780.0,2740.0,2760.0
2006-01-05,2760.0,2780.0,2740.0,2740.0
2006-01-06,2760.0,2780.0,2750.0,2770.0
2006-01-09,2770.0,2770.0,2770.0,2770.0
2006-01-10,2800.0,2820.0,2780.0,2780.0
2006-01-11,2780.0,2800.0,2760.0,2790.0
2006-01-12,2810.0,2810.0,2780.0,2800.0
2006-01-13,2820.0,2820.0,2800.0,2800.0
2006-01-16,2800.0,2800.0,2780.0,2780.0
2006-01-17,2780.0,2820.0,2760.0,2760.0
2006-01-18,2760.0,2760.0,2560.0,2710.0
2006-01-19,2700.0,2750.0,2680.0,2730.0
2006-01-20,2750.0,2760.0,2730.0,2740.0
2006-01-23,2700.0,2760.0,2700.0,2720.0
2006-01-24,2710.0,2740.0,2710.0,2720.0
2006-01-25,2740.0,2750.0,2730.0,2730.0
2006-01-26,2740.0,2750.0,2720.0,2730.0
2006-01-27,2750.0,2780.0,2740.0,2780.0
2006-01-30,2790.0,2800.0,2770.0,2780.0
2006-01-31,2790.0,2800.0,2780.0,2780.0
2006-02-01,2790.0,2790.0,2760.0,2760.0
2006-02-02,2770.0,2780.0,2750.0,2750.0
2006-02-03,2770.0,2780.0,2750.0,2780.0
2006-02-06,2780.0,2790.0,2760.0,2790.0
2006-02-07,2790.0,2800.0,2770.0,2780.0
2006-02-08,2790.0,2800.0,2770.0,2770.0
2006-02-09,2790.0,2800.0,2780.0,2790.0
2006-02-10,2790.0,2800.0,2780.0,2790.0
2006-02-13,2800.0,2800.0,2740.0,2750.0
2006-02-14,2740.0,2760.0,2700.0,2760.0
2006-02-15,2760.0,2770.0,2740.0,2750.0
2006-02-16,2760.0,2770.0,2750.0,2750.0
2006-02-17,2740.0,2780.0,2740.0,2760.0
2006-02-20,2760.0,2760.0,2710.0,2720.0
2006-02-21,2720.0,2720.0,2710.0,2720.0
2006-02-22,2720.0,2740.0,2710.0,2720.0
2006-02-23,2720.0,2750.0,2720.0,2730.0
2006-02-24,2730.0,2740.0,2720.0,2730.0
2006-02-27,2740.0,2750.0,2710.0,2710.0
2006-02-28,2720.0,2770.0,2710.0,2750.0
2006-03-01,2750.0,2760.0,2740.0,2750.0
2006-03-02,2750.0,2790.0,2750.0,2750.0
2006-03-03,2760.0,2790.0,2760.0,2790.0
2006-03-06,2800.0,2800.0,2770.0,2780.0
2006-03-07,2780.0,2810.0,2740.0,2750.0
2006-03-08,2760.0,2770.0,2740.0,2740.0
2006-03-09,2750.0,2770.0,2700.0,2770.0
2006-03-10,2760.0,2780.0,2750.0,2770.0
2006-03-13,2780.0,2780.0,2770.0,2780.0
2006-03-14,2780.0,2800.0,2780.0,2790.0
2006-03-15,2790.0,2800.0,2780.0,2780.0
2006-03-16,2790.0,2820.0,2780.0,2790.0
2006-03-17,2810.0,2810.0,2780.0,2800.0
2006-03-20,2800.0,2820.0,2800.0,2820.0
2006-03-21,2820.0,2820.0,2820.0,2820.0
2006-03-22,2820.0,2830.0,2800.0,2820.0
2006-03-23,2820.0,2820.0,2790.0,2800.0
2006-03-24,2800.0,2820.0,2790.0,2800.0
2006-03-27,2810.0,2820.0,2790.0,2820.0
2006-03-28,2750.0,2800.0,2750.0,2800.0
2006-03-29,2800.0,2810.0,2790.0,2800.0
2006-03-30,2800.0,2800.0,2780.0,2780.0
2006-03-31,2800.0,2800.0,2760.0,2760.0
2006-04-03,2760.0,2800.0,2760.0,2790.0
2006-04-04,2800.0,2800.0,2780.0,2790.0
2006-04-05,2790.0,2800.0,2780.0,2790.0
2006-04-06,2800.0,2820.0,2800.0,2820.0
2006-04-07,2820.0,2820.0,2800.0,2810.0
2006-04-10,2810.0,2810.0,2790.0,2800.0
2006-04-11,2790.0,2800.0,2780.0,2790.0
2006-04-12,2790.0,2810.0,2780.0,2780.0
2006-04-13,2800.0,2800.0,2760.0,2780.0
2006-04-14,2790.0,2790.0,2770.0,2780.0
2006-04-17,2770.0,2780.0,2730.0,2730.0
2006-04-18,2760.0,2760.0,2730.0,2750.0
2006-04-19,2760.0,2760.0,2740.0,2740.0
2006-04-20,2770.0,2770.0,2720.0,2720.0
2006-04-21,2700.0,2720.0,2690.0,2710.0
2006-04-24,2710.0,2710.0,2660.0,2660.0
2006-04-25,2670.0,2740.0,2670.0,2740.0
2006-04-26,2740.0,2740.0,2710.0,2730.0
2006-04-27,2720.0,2720.0,2700.0,2700.0
2006-04-28,2700.0,2700.0,2670.0,2690.0
2006-05-01,2680.0,2730.0,2670.0,2720.0
2006-05-02,2730.0,2750.0,2720.0,2730.0
2006-05-03,2730.0,2730.0,2730.0,2730.0
2006-05-04,2730.0,2730.0,2730.0,2730.0
2006-05-05,2730.0,2730.0,2730.0,2730.0
2006-05-08,2750.0,2750.0,2720.0,2720.0
2006-05-09,2710.0,2720.0,2700.0,2700.0
2006-05-10,2700.0,2720.0,2680.0,2680.0
2006-05-11,2680.0,2700.0,2670.0,2680.0
2006-05-12,2680.0,2680.0,2600.0,2630.0
2006-05-15,2630.0,2680.0,2630.0,2660.0
2006-05-16,2670.0,2700.0,2660.0,2660.0
2006-05-17,2650.0,2670.0,2640.0,2660.0
2006-05-18,2640.0,2650.0,2640.0,2650.0
2006-05-19,2650.0,2650.0,2610.0,2630.0
2006-05-22,2630.0,2630.0,2630.0,2630.0
2006-05-23,2610.0,2630.0,2600.0,2600.0
2006-05-24,2630.0,2630.0,2600.0,2630.0
2006-05-25,2630.0,2650.0,2620.0,2650.0
2006-05-26,2650.0,2650.0,2630.0,2640.0
2006-05-29,2640.0,2640.0,2620.0,2640.0
2006-05-30,2630.0,2640.0,2620.0,2620.0
2006-05-31,2600.0,2610.0,2590.0,2590.0
2006-06-01,2600.0,2670.0,2600.0,2660.0
2006-06-02,2660.0,2660.0,2560.0,2640.0
2006-06-05,2640.0,2640.0,2580.0,2590.0
2006-06-06,2580.0,2630.0,2560.0,2560.0
2006-06-07,2550.0,2550.0,2500.0,2500.0
2006-06-08,2500.0,2520.0,2460.0,2470.0
2006-06-09,2450.0,2490.0,2450.0,2490.0
2006-06-12,2490.0,2500.0,2440.0,2440.0
2006-06-13,2440.0,2470.0,2400.0,2400.0
2006-06-14,2400.0,2400.0,2400.0,2400.0
2006-06-15,2450.0,2480.0,2450.0,2470.0
2006-06-16,2500.0,2540.0,2490.0,2520.0
2006-06-19,2530.0,2530.0,2510.0,2520.0
2006-06-20,2550.0,2560.0,2530.0,2540.0
2006-06-21,2540.0,2540.0,2510.0,2510.0
2006-06-22,2510.0,2550.0,2510.0,2550.0
2006-06-23,2540.0,2540.0,2510.0,2530.0
2006-06-26,2510.0,2530.0,2510.0,2520.0
2006-06-27,2510.0,2540.0,2510.0,2530.0
2006-06-28,2510.0,2520.0,2500.0,2510.0
2006-06-29,2500.0,2520.0,2500.0,2510.0
2006-06-30,2520.0,2540.0,2510.0,2510.0
2006-07-03,2520.0,2540.0,2510.0,2520.0
2006-07-04,2540.0,2550.0,2530.0,2550.0
2006-07-05,2550.0,2560.0,2540.0,2550.0
2006-07-06,2560.0,2560.0,2540.0,2550.0
2006-07-07,2540.0,2570.0,2540.0,2550.0
2006-07-10,2550.0,2550.0,2550.0,2550.0
2006-07-11,2580.0,2580.0,2550.0,2580.0
2006-07-12,2580.0,2580.0,2550.0,2550.0
2006-07-13,2540.0,2600.0,2540.0,2590.0
2006-07-14,2580.0,2620.0,2550.0,2560.0
2006-07-17,2600.0,2600.0,2590.0,2600.0
2006-07-18,2590.0,2590.0,2560.0,2590.0
2006-07-19,2570.0,2570.0,2530.0,2550.0
2006-07-20,2560.0,2560.0,2520.0,2560.0
2006-07-21,2520.0,2550.0,2520.0,2530.0
2006-07-24,2530.0,2590.0,2530.0,2590.0
2006-07-25,2600.0,2610.0,2590.0,2600.0
2006-07-26,2610.0,2610.0,2600.0,2600.0
2006-07-27,2620.0,2650.0,2600.0,2650.0
2006-07-28,2650.0,2650.0,2610.0,2650.0
2006-07-31,2650.0,2650.0,2630.0,2630.0
2006-08-01,2630.0,2640.0,2630.0,2630.0
2006-08-02,2600.0,2640.0,2600.0,2640.0
2006-08-03,2640.0,2700.0,2630.0,2680.0
2006-08-04,2690.0,2690.0,2650.0,2670.0
2006-08-07,2640.0,2670.0,2630.0,2630.0
2006-08-08,2630.0,2650.0,2630.0,2650.0
2006-08-09,2640.0,2670.0,2620.0,2670.0
2006-08-10,2680.0,2680.0,2670.0,2680.0
2006-08-11,2670.0,2690.0,2660.0,2690.0
2006-08-14,2670.0,2710.0,2670.0,2710.0
2006-08-15,2680.0,2710.0,2680.0,2700.0
2006-08-16,2710.0,2730.0,2700.0,2730.0
2006-08-17,2740.0,2750.0,2720.0,2730.0
2006-08-18,2750.0,2780.0,2740.0,2770.0
2006-08-21,2760.0,2780.0,2750.0,2750.0
2006-08-22,2760.0,2770.0,2740.0,2770.0
2006-08-23,2770.0,2790.0,2760.0,2770.0
2006-08-24,2770.0,2790.0,2750.0,2760.0
2006-08-25,2770.0,2800.0,2760.0,2800.0
2006-08-28,2800.0,2800.0,2760.0,2770.0
2006-08-29,2800.0,2800.0,2780.0,2800.0
2006-08-30,2800.0,2830.0,2790.0,2830.0
2006-08-31,2830.0,2870.0,2820.0,2870.0
2006-09-01,2880.0,2880.0,2840.0,2860.0
2006-09-04,2870.0,2880.0,2850.0,2870.0
2006-09-05,2870.0,2870.0,2840.0,2850.0
2006-09-06,2840.0,2860.0,2840.0,2850.0
2006-09-07,2810.0,2830.0,2770.0,2770.0
2006-09-08,2760.0,2790.0,2760.0,2760.0
2006-09-11,2770.0,2780.0,2750.0,2750.0
2006-09-12,2780.0,2780.0,2750.0,2760.0
2006-09-13,2760.0,2790.0,2760.0,2760.0
2006-09-14,2790.0,2800.0,2770.0,2790.0
2006-09-15,2790.0,2790.0,2770.0,2780.0
2006-09-18,2780.0,2780.0,2780.0,2780.0
2006-09-19,2800.0,2800.0,2780.0,2790.0
2006-09-20,2790.0,2790.0,2770.0,2770.0
2006-09-21,2770.0,2810.0,2770.0,2800.0
2006-09-22,2790.0,2800.0,2780.0,2780.0
2006-09-25,2790.0,2790.0,2560.0,2740.0
2006-09-26,2680.0,2710.0,2650.0,2650.0
2006-09-27,2660.0,2720.0,2660.0,2720.0
2006-09-28,2730.0,2730.0,2670.0,2700.0
2006-09-29,2710.0,2710.0,2680.0,2680.0
2006-10-02,2700.0,2720.0,2690.0,2720.0
2006-10-03,2740.0,2740.0,2720.0,2730.0
2006-10-04,2740.0,2740.0,2710.0,2710.0
2006-10-05,2730.0,2750.0,2710.0,2750.0
2006-10-06,2750.0,2750.0,2710.0,2730.0
2006-10-09,2730.0,2730.0,2730.0,2730.0
2006-10-10,2730.0,2740.0,2710.0,2720.0
2006-10-11,2730.0,2750.0,2700.0,2700.0
2006-10-12,2710.0,2730.0,2690.0,2690.0
2006-10-13,2720.0,2730.0,2710.0,2730.0
2006-10-16,2710.0,2730.0,2700.0,2730.0
2006-10-17,2740.0,2750.0,2720.0,2720.0
2006-10-18,2730.0,2750.0,2710.0,2710.0
2006-10-19,2730.0,2730.0,2710.0,2720.0
2006-10-20,2720.0,2750.0,2710.0,2740.0
2006-10-23,2740.0,2750.0,2730.0,2750.0
2006-10-24,2750.0,2750.0,2740.0,2750.0
2006-10-25,2740.0,2750.0,2730.0,2740.0
2006-10-26,2740.0,2740.0,2720.0,2730.0
2006-10-27,2730.0,2730.0,2700.0,2700.0
2006-10-30,2690.0,2690.0,2660.0,2660.0
2006-10-31,2670.0,2670.0,2660.0,2660.0
2006-11-01,2660.0,2680.0,2660.0,2680.0
2006-11-02,2660.0,2690.0,2660.0,2690.0
2006-11-03,2690.0,2690.0,2690.0,2690.0
2006-11-06,2660.0,2690.0,2660.0,2690.0
2006-11-07,2690.0,2690.0,2670.0,2670.0
2006-11-08,2680.0,2680.0,2640.0,2640.0
2006-11-09,2650.0,2650.0,2630.0,2630.0
2006-11-10,2640.0,2640.0,2620.0,2630.0
2006-11-13,2620.0,2640.0,2620.0,2630.0
2006-11-14,2630.0,2670.0,2630.0,2630.0
2006-11-15,2650.0,2650.0,2630.0,2630.0
2006-11-16,2630.0,2640.0,2620.0,2620.0
2006-11-17,2620.0,2630.0,2620.0,2620.0
2006-11-20,2620.0,2630.0,2600.0,2600.0
2006-11-21,2600.0,2630.0,2600.0,2600.0
2006-11-22,2600.0,2610.0,2590.0,2590.0
2006-11-23,2590.0,2590.0,2590.0,2590.0
2006-11-24,2600.0,2600.0,2570.0,2570.0
2006-11-27,2560.0,2620.0,2560.0,2620.0
2006-11-28,2630.0,2660.0,2620.0,2660.0
2006-11-29,2670.0,2680.0,2660.0,2680.0
2006-11-30,2690.0,2700.0,2660.0,2690.0
2006-12-01,2720.0,2730.0,2700.0,2720.0
2006-12-04,2720.0,2730.0,2700.0,2730.0
2006-12-05,2740.0,2750.0,2730.0,2730.0
2006-12-06,2740.0,2770.0,2740.0,2760.0
2006-12-07,2760.0,2760.0,2730.0,2760.0
2006-12-08,2750.0,2760.0,2730.0,2740.0
2006-12-11,2750.0,2760.0,2750.0,2750.0
2006-12-12,2760.0,2770.0,2730.0,2760.0
2006-12-13,2760.0,2760.0,2760.0,2760.0
2006-12-14,2790.0,2790.0,2760.0,2780.0
2006-12-15,2750.0,2790.0,2750.0,2770.0
2006-12-18,2770.0,2780.0,2770.0,2780.0
2006-12-19,2780.0,2780.0,2760.0,2770.0
2006-12-20,2780.0,2810.0,2770.0,2810.0
2006-12-21,2800.0,2810.0,2770.0,2810.0
2006-12-22,2810.0,2810.0,2790.0,2800.0
2006-12-25,2800.0,2810.0,2780.0,2780.0
2006-12-26,2780.0,2810.0,2770.0,2810.0
2006-12-27,2810.0,2810.0,2790.0,2790.0
2006-12-28,2800.0,2800.0,2790.0,2800.0
2006-12-29,2790.0,2800.0,2780.0,2790.0
2007-01-04,2790.0,2790.0,2790.0,2790.0
2007-01-05,2810.0,2810.0,2780.0,2780.0
2007-01-09,2770.0,2810.0,2760.0,2810.0
2007-01-10,2810.0,2810.0,2760.0,2760.0
2007-01-11,2780.0,2800.0,2750.0,2750.0
2007-01-12,2770.0,2800.0,2770.0,2790.0
2007-01-15,2800.0,2820.0,2790.0,2810.0
2007-01-16,2800.0,2820.0,2800.0,2800.0
2007-01-17,2800.0,2810.0,2780.0,2800.0
2007-01-18,2790.0,2810.0,2790.0,2790.0
2007-01-19,2800.0,2810.0,2790.0,2790.0
2007-01-22,2790.0,2820.0,2790.0,2820.0
2007-01-23,2820.0,2820.0,2800.0,2810.0
2007-01-24,2820.0,2850.0,2810.0,2840.0
2007-01-25,2850.0,2860.0,2840.0,2840.0
2007-01-26,2840.0,2870.0,2830.0,2870.0
2007-01-29,2880.0,2900.0,2860.0,2900.0
2007-01-30,2900.0,2930.0,2880.0,2900.0
2007-01-31,2920.0,2920.0,2860.0,2860.0
2007-02-01,2870.0,2890.0,2870.0,2880.0
2007-02-02,2890.0,2910.0,2870.0,2870.0
2007-02-05,2890.0,2900.0,2880.0,2890.0
2007-02-06,2900.0,2940.0,2890.0,2930.0
2007-02-07,2960.0,3060.0,2960.0,3040.0
2007-02-08,3020.0,3080.0,3000.0,3000.0
2007-02-09,2960.0,3080.0,2960.0,3060.0
2007-02-13,3060.0,3080.0,3030.0,3060.0
2007-02-14,3070.0,3070.0,3020.0,3020.0
2007-02-15,3010.0,3030.0,3000.0,3020.0
2007-02-16,3000.0,3020.0,3000.0,3010.0
2007-02-19,3010.0,3020.0,2970.0,3010.0
2007-02-20,3000.0,3070.0,2980.0,3040.0
2007-02-21,3020.0,3070.0,3000.0,3010.0
2007-02-22,3030.0,3050.0,3010.0,3030.0
2007-02-23,3040.0,3050.0,3040.0,3050.0
2007-02-26,3050.0,3070.0,3040.0,3050.0
2007-02-27,3070.0,3090.0,3050.0,3070.0
2007-02-28,2920.0,2990.0,2880.0,2970.0
2007-03-01,2990.0,2990.0,2930.0,2970.0
2007-03-02,2960.0,2970.0,2850.0,2860.0
2007-03-05,2850.0,2850.0,2710.0,2710.0
2007-03-06,2720.0,2780.0,2690.0,2770.0
2007-03-07,2810.0,2830.0,2800.0,2800.0
2007-03-08,2810.0,2850.0,2800.0,2850.0
2007-03-09,2850.0,2870.0,2840.0,2860.0
2007-03-12,2880.0,2900.0,2870.0,2880.0
2007-03-13,2880.0,2880.0,2880.0,2880.0
2007-03-14,2860.0,2860.0,2790.0,2790.0
2007-03-15,2840.0,2880.0,2820.0,2850.0
2007-03-16,2850.0,2850.0,2850.0,2850.0
2007-03-19,2860.0,2870.0,2850.0,2850.0
2007-03-20,2870.0,2890.0,2860.0,2860.0
2007-03-22,2870.0,2910.0,2870.0,2900.0
2007-03-23,2890.0,2920.0,2890.0,2920.0
2007-03-26,2930.0,2930.0,2890.0,2900.0
2007-03-27,2850.0,2850.0,2810.0,2820.0
2007-03-28,2830.0,2840.0,2800.0,2810.0
2007-03-29,2820.0,2850.0,2770.0,2840.0
2007-03-30,2850.0,2850.0,2820.0,2830.0
2007-04-02,2850.0,2850.0,2770.0,2770.0
2007-04-03,2790.0,2840.0,2780.0,2810.0
2007-04-04,2820.0,2850.0,2820.0,2830.0
2007-04-05,2820.0,2840.0,2800.0,2830.0
2007-04-06,2820.0,2840.0,2820.0,2820.0
2007-04-09,2820.0,2820.0,2820.0,2820.0
2007-04-10,2870.0,2880.0,2840.0,2840.0
2007-04-11,2840.0,2870.0,2840.0,2870.0
2007-04-12,2870.0,2870.0,2870.0,2870.0
2007-04-13,2840.0,2850.0,2830.0,2830.0
2007-04-16,2830.0,2880.0,2830.0,2880.0
2007-04-17,2880.0,2880.0,2830.0,2840.0
2007-04-18,2850.0,2890.0,2840.0,2890.0
2007-04-19,2860.0,2860.0,2830.0,2840.0
2007-04-20,2830.0,2860.0,2830.0,2860.0
2007-04-23,2860.0,2880.0,2850.0,2860.0
2007-04-24,2860.0,2890.0,2850.0,2890.0
2007-04-25,2890.0,2890.0,2860.0,2870.0
2007-04-26,2880.0,2900.0,2870.0,2870.0
2007-04-27,2880.0,2900.0,2860.0,2880.0
2007-05-01,2880.0,2890.0,2820.0,2820.0
2007-05-02,2820.0,2830.0,2790.0,2800.0
2007-05-07,2820.0,2820.0,2810.0,2820.0
2007-05-08,2810.0,2810.0,2790.0,2800.0
2007-05-09,2790.0,2800.0,2730.0,2740.0
2007-05-10,2780.0,2780.0,2760.0,2770.0
2007-05-11,2730.0,2760.0,2730.0,2760.0
2007-05-14,2770.0,2790.0,2750.0,2780.0
2007-05-15,2740.0,2750.0,2740.0,2740.0
2007-05-16,2740.0,2750.0,2730.0,2750.0
2007-05-17,2750.0,2750.0,2730.0,2730.0
2007-05-18,2730.0,2730.0,2710.0,2710.0
2007-05-21,2720.0,2730.0,2700.0,2710.0
2007-05-22,2720.0,2750.0,2710.0,2750.0
2007-05-23,2750.0,2750.0,2750.0,2750.0
2007-05-24,2720.0,2720.0,2710.0,2710.0
2007-05-25,2710.0,2720.0,2690.0,2700.0
2007-05-28,2710.0,2710.0,2700.0,2710.0
2007-05-29,2720.0,2740.0,2720.0,2730.0
2007-05-30,2700.0,2740.0,2700.0,2730.0
2007-05-31,2730.0,2750.0,2730.0,2750.0
2007-06-01,2770.0,2770.0,2760.0,2760.0
2007-06-04,2750.0,2760.0,2750.0,2760.0
2007-06-05,2760.0,2760.0,2740.0,2760.0
2007-06-06,2760.0,2770.0,2760.0,2760.0
2007-06-07,2750.0,2760.0,2750.0,2760.0
2007-06-08,2760.0,2760.0,2730.0,2730.0
2007-06-11,2740.0,2750.0,2730.0,2740.0
2007-06-12,2720.0,2720.0,2710.0,2710.0
2007-06-13,2700.0,2710.0,2700.0,2710.0
2007-06-14,2710.0,2710.0,2700.0,2710.0
2007-06-15,2710.0,2710.0,2700.0,2710.0
2007-06-18,2720.0,2730.0,2710.0,2730.0
2007-06-19,2710.0,2720.0,2700.0,2710.0
2007-06-20,2700.0,2720.0,2700.0,2720.0
2007-06-21,2710.0,2730.0,2710.0,2730.0
2007-06-22,2720.0,2720.0,2700.0,2700.0
2007-06-25,2700.0,2720.0,2700.0,2700.0
2007-06-26,2700.0,2720.0,2700.0,2700.0
2007-06-27,2670.0,2680.0,2660.0,2660.0
2007-06-28,2660.0,2710.0,2660.0,2710.0
2007-06-29,2700.0,2720.0,2680.0,2710.0
2007-07-02,2710.0,2730.0,2710.0,2730.0
2007-07-03,2730.0,2740.0,2720.0,2730.0
2007-07-04,2730.0,2750.0,2720.0,2730.0
2007-07-05,2750.0,2770.0,2730.0,2750.0
2007-07-06,2740.0,2750.0,2720.0,2720.0
2007-07-09,2730.0,2740.0,2720.0,2740.0
2007-07-10,2740.0,2750.0,2740.0,2750.0
2007-07-11,2750.0,2760.0,2710.0,2710.0
2007-07-12,2710.0,2720.0,2680.0,2690.0
2007-07-13,2700.0,2720.0,2690.0,2710.0
2007-07-17,2690.0,2700.0,2690.0,2690.0
2007-07-18,2690.0,2700.0,2680.0,2680.0
2007-07-19,2680.0,2690.0,2680.0,2680.0
2007-07-20,2690.0,2700.0,2690.0,2700.0
2007-07-23,2660.0,2670.0,2660.0,2670.0
2007-07-24,2670.0,2680.0,2670.0,2680.0
2007-07-25,2680.0,2690.0,2680.0,2680.0
2007-07-26,2670.0,2680.0,2650.0,2650.0
2007-07-27,2600.0,2620.0,2590.0,2600.0
2007-07-30,2600.0,2610.0,2580.0,2600.0
2007-07-31,2610.0,2610.0,2580.0,2590.0
2007-08-01,2580.0,2580.0,2540.0,2560.0
2007-08-02,2580.0,2590.0,2550.0,2560.0
2007-08-03,2560.0,2560.0,2540.0,2550.0
2007-08-06,2530.0,2540.0,2530.0,2540.0
2007-08-07,2560.0,2560.0,2540.0,2540.0
2007-08-08,2540.0,2560.0,2540.0,2560.0
2007-08-09,2680.0,2760.0,2680.0,2740.0
2007-08-10,2710.0,2740.0,2710.0,2720.0
2007-08-13,2690.0,2690.0,2680.0,2680.0
2007-08-14,2660.0,2670.0,2580.0,2620.0
2007-08-15,2580.0,2580.0,2550.0,2560.0
2007-08-16,2540.0,2590.0,2520.0,2590.0
2007-08-17,2590.0,2590.0,2590.0,2590.0
2007-08-20,2560.0,2590.0,2530.0,2550.0
2007-08-21,2550.0,2550.0,2550.0,2550.0
2007-08-22,2600.0,2620.0,2600.0,2610.0
2007-08-23,2580.0,2580.0,2560.0,2580.0
2007-08-24,2590.0,2590.0,2550.0,2560.0
2007-08-27,2590.0,2590.0,2580.0,2590.0
2007-08-28,2590.0,2590.0,2580.0,2590.0
2007-08-29,2560.0,2580.0,2560.0,2580.0
2007-08-30,2590.0,2590.0,2580.0,2580.0
2007-08-31,2580.0,2590.0,2570.0,2590.0
2007-09-03,2610.0,2620.0,2590.0,2620.0
2007-09-04,2630.0,2640.0,2620.0,2640.0
2007-09-05,2640.0,2640.0,2600.0,2610.0
2007-09-06,2590.0,2620.0,2590.0,2610.0
2007-09-07,2600.0,2620.0,2600.0,2620.0
2007-09-10,2620.0,2640.0,2620.0,2630.0
2007-09-11,2630.0,2640.0,2590.0,2620.0
2007-09-12,2610.0,2640.0,2610.0,2620.0
2007-09-13,2620.0,2630.0,2620.0,2620.0
2007-09-14,2650.0,2650.0,2630.0,2630.0
2007-09-18,2630.0,2630.0,2600.0,2600.0
2007-09-19,2650.0,2650.0,2630.0,2640.0
2007-09-20,2640.0,2640.0,2610.0,2620.0
2007-09-21,2610.0,2630.0,2610.0,2630.0
2007-09-25,2610.0,2640.0,2610.0,2640.0
2007-09-26,2640.0,2650.0,2640.0,2650.0
2007-09-27,2660.0,2700.0,2630.0,2700.0
2007-09-28,2690.0,2700.0,2670.0,2690.0
2007-10-01,2700.0,2750.0,2700.0,2740.0
2007-10-02,2750.0,2760.0,2740.0,2760.0
2007-10-03,2710.0,2750.0,2710.0,2750.0
2007-10-04,2740.0,2750.0,2730.0,2740.0
2007-10-05,2770.0,2770.0,2760.0,2760.0
2007-10-09,2770.0,2770.0,2750.0,2750.0
2007-10-10,2770.0,2770.0,2750.0,2750.0
2007-10-11,2760.0,2760.0,2750.0,2760.0
2007-10-12,2730.0,2730.0,2730.0,2730.0
2007-10-15,2730.0,2730.0,2710.0,2710.0
2007-10-16,2720.0,2720.0,2700.0,2700.0
2007-10-17,2660.0,2670.0,2660.0,2670.0
2007-10-18,2650.0,2680.0,2640.0,2680.0
2007-10-19,2620.0,2620.0,2620.0,2620.0
2007-10-22,2600.0,2650.0,2580.0,2620.0
2007-10-23,2650.0,2650.0,2640.0,2640.0
2007-10-24,2630.0,2660.0,2620.0,2660.0
2007-10-25,2660.0,2660.0,2620.0,2620.0
2007-10-26,2640.0,2640.0,2630.0,2630.0
2007-10-29,2630.0,2650.0,2630.0,2650.0
2007-10-30,2650.0,2670.0,2650.0,2670.0
2007-10-31,2650.0,2700.0,2650.0,2700.0
2007-11-01,2740.0,2740.0,2740.0,2740.0
2007-11-02,2750.0,2750.0,2730.0,2730.0
2007-11-05,2710.0,2740.0,2700.0,2730.0
2007-11-06,2760.0,2760.0,2750.0,2750.0
2007-11-07,2720.0,2730.0,2720.0,2730.0
2007-11-08,2660.0,2670.0,2660.0,2670.0
2007-11-09,2670.0,2670.0,2670.0,2670.0
2007-11-12,2680.0,2680.0,2620.0,2620.0
2007-11-13,2620.0,2620.0,2590.0,2590.0
2007-11-14,2590.0,2640.0,2590.0,2640.0
2007-11-15,2680.0,2690.0,2680.0,2690.0
2007-11-16,2670.0,2680.0,2670.0,2680.0
2007-11-19,2670.0,2670.0,2660.0,2660.0
2007-11-20,2610.0,2650.0,2610.0,2650.0
2007-11-21,2650.0,2650.0,2650.0,2650.0
2007-11-22,2650.0,2650.0,2630.0,2630.0
2007-11-26,2620.0,2690.0,2610.0,2680.0
2007-11-27,2631.430908203125,2720.0,2631.430908203125,2720.0
2007-11-28,2690.0,2710.0,2690.0,2710.0
2007-11-29,2710.0,2710.0,2710.0,2710.0
2007-11-30,2720.0,2740.0,2720.0,2740.0
2007-12-03,2740.0,2740.0,2740.0,2740.0
2007-12-04,2720.0,2730.0,2710.0,2720.0
2007-12-05,2720.0,2740.0,2720.0,2740.0
2007-12-06,2730.0,2740.0,2730.0,2740.0
2007-12-07,2750.0,2750.0,2720.0,2720.0
2007-12-10,2730.0,2730.0,2730.0,2730.0
2007-12-11,2730.0,2730.0,2710.0,2710.0
2007-12-12,2690.0,2690.0,2690.0,2690.0
2007-12-13,2650.0,2650.0,2640.0,2640.0
2007-12-14,2640.0,2640.0,2620.0,2620.0
2007-12-17,2650.0,2650.0,2620.0,2620.0
2007-12-18,2610.0,2630.0,2610.0,2620.0
2007-12-19,2620.0,2620.0,2610.0,2610.0
2007-12-20,2600.0,2600.0,2590.0,2590.0
2007-12-21,2590.0,2590.0,2570.0,2570.0
2007-12-25,2590.0,2590.0,2570.0,2570.0
2007-12-26,2600.0,2600.0,2580.0,2590.0
2007-12-27,2590.0,2590.0,2580.0,2580.0
2007-12-28,2580.0,2580.0,2580.0,2580.0
2008-01-04,2450.0,2450.0,2450.0,2450.0
2008-01-07,2370.0,2370.0,2370.0,2370.0
2008-01-08,2370.0,2380.0,2370.0,2380.0
2008-01-09,2380.0,2450.0,2380.0,2450.0
2008-01-10,2430.0,2450.0,2430.0,2450.0
2008-01-11,2450.0,2450.0,2420.0,2420.0
2008-01-15,2430.0,2430.0,2430.0,2430.0
2008-01-16,2400.0,2440.0,2400.0,2420.0
2008-01-17,2410.0,2410.0,2400.0,2400.0
2008-01-18,2390.0,2390.0,2390.0,2390.0
2008-01-21,2370.0,2370.0,2370.0,2370.0
2008-01-22,2290.0,2290.0,2250.0,2260.0
2008-01-23,2270.0,2280.0,2250.0,2280.0
2008-01-24,2280.0,2290.0,2280.0,2290.0
2008-01-25,2320.0,2360.0,2320.0,2360.0
2008-01-28,2330.0,2360.0,2330.0,2360.0
2008-01-29,2400.0,2410.0,2400.0,2410.0
2008-01-30,2410.0,2410.0,2370.0,2370.0
2008-01-31,2430.0,2430.0,2400.0,2400.0
2008-02-01,2400.0,2400.0,2370.0,2370.0
2008-02-04,2390.0,2390.0,2390.0,2390.0
2008-02-05,2410.0,2410.0,2380.0,2380.0
2008-02-06,2310.0,2320.0,2300.0,2300.0
2008-02-07,2300.0,2320.0,2300.0,2320.0
2008-02-08,2340.0,2340.0,2340.0,2340.0
2008-02-12,2340.0,2350.0,2340.0,2350.0
2008-02-13,2370.0,2370.0,2370.0,2370.0
2008-02-14,2410.0,2410.0,2410.0,2410.0
2008-02-15,2380.0,2380.0,2370.0,2370.0
2008-02-18,2370.0,2370.0,2360.0,2360.0
2008-02-19,2360.0,2360.0,2360.0,2360.0
2008-02-20,2350.0,2350.0,2290.0,2290.0
2008-02-21,2320.0,2330.0,2320.0,2330.0
2008-02-22,2350.0,2350.0,2330.0,2330.0
2008-02-25,2390.0,2400.0,2390.0,2400.0
2008-02-26,2390.0,2390.0,2310.0,2310.0
2008-02-27,2310.0,2360.0,2310.0,2360.0
2008-02-28,2340.0,2340.0,2300.0,2300.0
2008-02-29,2300.0,2320.0,2300.0,2320.0
2008-03-03,2320.0,2320.0,2300.0,2300.0
2008-03-04,2300.0,2300.0,2280.0,2280.0
2008-03-05,2270.0,2270.0,2270.0,2270.0
2008-03-06,2280.0,2310.0,2280.0,2310.0
2008-03-07,2320.0,2330.0,2300.0,2300.0
2008-03-10,2360.0,2360.0,2330.0,2360.0
2008-03-11,2360.0,2370.0,2360.0,2370.0
2008-03-12,2400.0,2410.0,2390.0,2410.0
2008-03-13,2390.0,2390.0,2320.0,2330.0
2008-03-14,2360.0,2360.0,2350.0,2350.0
2008-03-17,2300.0,2310.0,2300.0,2310.0
2008-03-18,2300.0,2330.0,2300.0,2330.0
2008-03-19,2360.0,2360.0,2350.0,2350.0
2008-03-21,2370.0,2390.0,2370.0,2390.0
2008-03-24,2390.0,2390.0,2380.0,2380.0
2008-03-25,2410.0,2430.0,2410.0,2430.0
2008-03-26,2400.0,2430.0,2400.0,2430.0
2008-03-27,2460.0,2480.0,2460.0,2480.0
2008-03-28,2490.0,2530.0,2490.0,2530.0
2008-03-31,2550.0,2550.0,2460.0,2460.0
2008-04-01,2540.0,2540.0,2540.0,2540.0
2008-04-02,2540.0,2620.0,2540.0,2620.0
2008-04-03,2630.0,2640.0,2630.0,2640.0
2008-04-04,2580.0,2590.0,2580.0,2590.0
2008-04-07,2600.0,2610.0,2600.0,2610.0
2008-04-08,2590.0,2600.0,2580.0,2580.0
2008-04-09,2580.0,2580.0,2570.0,2570.0
2008-04-10,2540.0,2540.0,2530.0,2530.0
2008-04-11,2570.0,2580.0,2570.0,2580.0
2008-04-14,2580.0,2580.0,2550.0,2550.0
2008-04-15,2550.0,2550.0,2540.0,2540.0
2008-04-16,2540.0,2560.0,2540.0,2560.0
2008-04-17,2600.0,2600.0,2600.0,2600.0
2008-04-18,2600.0,2600.0,2600.0,2600.0
2008-04-21,2600.0,2600.0,2600.0,2600.0
2008-04-22,2550.0,2550.0,2550.0,2550.0
2008-04-23,2540.0,2540.0,2540.0,2540.0
2008-04-24,2520.0,2530.0,2520.0,2530.0
2008-04-25,2560.0,2560.0,2540.0,2540.0
2008-04-28,2530.0,2530.0,2530.0,2530.0
2008-04-30,2520.0,2520.0,2510.0,2510.0
2008-05-01,2520.0,2520.0,2510.0,2510.0
2008-05-02,2570.0,2600.0,2570.0,2600.0
2008-05-07,2600.0,2600.0,2590.0,2590.0
2008-05-08,2570.0,2590.0,2570.0,2580.0
2008-05-09,2570.0,2570.0,2500.0,2500.0
2008-05-12,2420.0,2450.0,2420.0,2450.0
2008-05-13,2430.0,2450.0,2430.0,2450.0
2008-05-14,2440.0,2500.0,2440.0,2500.0
2008-05-15,2550.0,2570.0,2550.0,2570.0
2008-05-16,2570.0,2570.0,2570.0,2570.0
2008-05-19,2570.0,2600.0,2570.0,2600.0
2008-05-20,2540.0,2540.0,2490.0,2490.0
2008-05-21,2470.0,2470.0,2450.0,2450.0
2008-05-22,2500.0,2500.0,2440.0,2440.0
2008-05-23,2450.0,2450.0,2440.0,2440.0
2008-05-26,2440.0,2440.0,2400.0,2400.0
2008-05-27,2400.0,2410.0,2400.0,2410.0
2008-05-28,2390.0,2390.0,2350.0,2350.0
2008-05-29,2420.0,2440.0,2420.0,2440.0
2008-05-30,2440.0,2450.0,2440.0,2450.0
2008-06-02,2430.0,2460.0,2430.0,2460.0
2008-06-03,2410.0,2410.0,2410.0,2410.0
2008-06-04,2420.0,2430.0,2420.0,2430.0
2008-06-05,2440.0,2460.0,2440.0,2460.0
2008-06-06,2400.0,2400.0,2400.0,2400.0
2008-06-09,2340.0,2360.0,2330.0,2330.0
2008-06-10,2330.0,2360.0,2330.0,2360.0
2008-06-11,2360.0,2370.0,2360.0,2370.0
2008-06-12,2380.0,2380.0,2380.0,2380.0
2008-06-13,2340.0,2350.0,2340.0,2350.0
2008-06-16,2350.0,2350.0,2340.0,2340.0
2008-06-17,2340.0,2360.0,2340.0,2360.0
2008-06-18,2370.0,2420.0,2370.0,2400.0
2008-06-19,2400.0,2400.0,2350.0,2350.0
2008-06-20,2310.0,2310.0,2300.0,2300.0
2008-06-23,2320.0,2340.0,2290.0,2330.0
2008-06-24,2330.0,2330.0,2310.0,2310.0
2008-06-25,2300.0,2360.0,2300.0,2360.0
2008-06-26,2360.0,2360.0,2350.0,2350.0
2008-06-27,2330.0,2360.0,2330.0,2360.0
2008-06-30,2360.0,2430.0,2360.0,2430.0
2008-07-01,2430.0,2450.0,2430.0,2450.0
2008-07-02,2450.0,2450.0,2440.0,2440.0
2008-07-03,2430.0,2460.0,2430.0,2460.0
2008-07-04,2460.0,2460.0,2460.0,2460.0
2008-07-07,2460.0,2460.0,2450.0,2450.0
2008-07-08,2460.0,2460.0,2460.0,2460.0
2008-07-09,2480.0,2480.0,2450.0,2450.0
2008-07-10,2460.0,2460.0,2450.0,2450.0
2008-07-11,2500.0,2500.0,2490.0,2490.0
2008-07-14,2550.0,2550.0,2510.0,2510.0
2008-07-15,2490.0,2540.0,2490.0,2540.0
2008-07-16,2530.0,2530.0,2510.0,2510.0
2008-07-17,2520.0,2540.0,2520.0,2540.0
2008-07-18,2540.0,2540.0,2530.0,2530.0
2008-07-22,2540.0,2570.0,2530.0,2570.0
2008-07-23,2560.0,2560.0,2560.0,2560.0
2008-07-24,2600.0,2600.0,2600.0,2600.0
2008-07-25,2600.0,2600.0,2600.0,2600.0
2008-07-28,2580.0,2580.0,2570.0,2570.0
2008-07-29,2540.0,2580.0,2540.0,2580.0
2008-07-30,2590.0,2620.0,2590.0,2620.0
2008-07-31,2620.0,2650.0,2610.0,2650.0
2008-08-01,2650.0,2670.0,2650.0,2670.0
2008-08-04,2660.0,2660.0,2650.0,2650.0
2008-08-05,2660.0,2660.0,2660.0,2660.0
2008-08-06,2660.0,2660.0,2610.0,2610.0
2008-08-07,2540.0,2540.0,2540.0,2540.0
2008-08-08,2550.0,2610.0,2550.0,2610.0
2008-08-11,2610.0,2610.0,2580.0,2580.0
2008-08-12,2540.0,2540.0,2530.0,2530.0
2008-08-13,2530.0,2530.0,2510.0,2510.0
2008-08-14,2510.0,2510.0,2480.0,2480.0
2008-08-15,2490.0,2510.0,2490.0,2510.0
2008-08-18,2600.0,2600.0,2560.0,2560.0
2008-08-19,2520.0,2520.0,2510.0,2510.0
2008-08-20,2474.048095703125,2490.0,2474.048095703125,2490.0
2008-08-21,2480.0,2480.0,2480.0,2480.0
2008-08-22,2470.0,2470.0,2450.0,2450.0
2008-08-25,2490.0,2500.0,2480.0,2490.0
2008-08-26,2430.0,2450.0,2430.0,2450.0
2008-08-27,2480.0,2490.0,2480.0,2490.0
2008-08-28,2460.0,2480.0,2460.0,2480.0
2008-08-29,2480.0,2550.0,2480.0,2550.0
2008-09-01,2550.0,2550.0,2460.0,2460.0
2008-09-02,2480.0,2480.0,2440.0,2440.0
2008-09-03,2490.0,2490.0,2470.0,2470.0
2008-09-04,2460.0,2460.0,2450.0,2450.0
2008-09-05,2430.0,2430.0,2430.0,2430.0
2008-09-08,2390.0,2400.0,2390.0,2400.0
2008-09-09,2400.0,2400.0,2380.0,2380.0
2008-09-10,2380.0,2390.0,2350.0,2350.0
2008-09-11,2350.0,2350.0,2290.0,2290.0
2008-09-12,2300.0,2300.0,2300.0,2300.0
2008-09-16,2300.0,2300.0,2240.0,2240.0
2008-09-17,2320.0,2360.0,2320.0,2360.0
2008-09-18,2360.0,2390.0,2360.0,2390.0
2008-09-19,2460.0,2490.0,2460.0,2490.0
2008-09-22,2510.0,2510.0,2470.0,2470.0
2008-09-24,2470.0,2480.0,2470.0,2480.0
2008-09-25,2450.0,2450.0,2430.0,2430.0
2008-09-26,2360.0,2360.0,2320.0,2320.0
2008-09-29,2320.0,2360.0,2320.0,2360.0
2008-09-30,2300.0,2350.0,2300.0,2350.0
2008-10-01,2350.0,2370.0,2350.0,2370.0
2008-10-02,2350.0,2350.0,2350.0,2350.0
2008-10-03,2320.0,2320.0,2320.0,2320.0
2008-10-06,2300.0,2300.0,2270.0,2270.0
2008-10-07,2230.0,2230.0,2190.0,2190.0
2008-10-08,2190.0,2190.0,2150.0,2150.0
2008-10-09,2100.0,2100.0,2100.0,2100.0
2008-10-10,2100.0,2100.0,2020.0,2020.0
2008-10-14,2260.0,2300.0,2260.0,2300.0
2008-10-15,2210.0,2310.0,2210.0,2310.0
2008-10-16,2210.0,2210.0,2170.0,2170.0
2008-10-17,2330.0,2340.0,2330.0,2340.0
2008-10-20,2370.0,2420.0,2370.0,2420.0
2008-10-21,2400.0,2430.0,2400.0,2430.0
2008-10-22,2430.0,2430.0,2300.0,2300.0
2008-10-23,2230.0,2340.0,2230.0,2340.0
2008-10-24,2280.0,2280.0,2210.0,2210.0
2008-10-27,2210.0,2210.0,2150.0,2150.0
2008-10-28,2120.0,2260.0,2120.0,2260.0
2008-10-29,2260.0,2340.0,2260.0,2340.0
2008-10-30,2290.0,2390.0,2290.0,2390.0
2008-10-31,2400.0,2420.0,2400.0,2420.0
2008-11-04,2420.0,2430.0,2420.0,2430.0
2008-11-05,2440.0,2510.0,2440.0,2510.0
2008-11-06,2510.0,2510.0,2500.0,2500.0
2008-11-07,2430.0,2430.0,2420.0,2420.0
2008-11-10,2460.0,2500.0,2430.0,2500.0
2008-11-11,2460.0,2460.0,2440.0,2440.0
2008-11-12,2400.0,2400.0,2380.0,2400.0
2008-11-13,2350.0,2370.0,2350.0,2370.0
2008-11-14,2370.0,2370.0,2330.0,2330.0
2008-11-17,2330.0,2330.0,2330.0,2330.0
2008-11-18,2330.0,2410.0,2330.0,2410.0
2008-11-19,2440.0,2440.0,2420.0,2420.0
2008-11-20,2420.0,2420.0,2390.0,2390.0
2008-11-21,2390.0,2390.0,2360.0,2360.0
2008-11-25,2360.0,2360.0,2320.0,2320.0
2008-11-26,2320.0,2320.0,2310.0,2310.0
2008-11-27,2350.0,2350.0,2330.0,2330.0
2008-11-28,2330.0,2330.0,2320.0,2320.0
2008-12-01,2320.0,2360.0,2320.0,2360.0
2008-12-02,2360.0,2360.0,2330.0,2330.0
2008-12-03,2350.0,2380.0,2350.0,2380.0
2008-12-04,2380.0,2380.0,2370.0,2370.0
2008-12-05,2370.0,2420.0,2370.0,2420.0
2008-12-08,2450.0,2460.0,2450.0,2460.0
2008-12-09,2440.0,2440.0,2420.0,2420.0
2008-12-10,2420.0,2420.0,2380.0,2380.0
2008-12-11,2380.0,2430.0,2380.0,2430.0
2008-12-12,2430.0,2430.0,2380.0,2380.0
2008-12-15,2450.0,2450.0,2430.0,2430.0
2008-12-16,2410.0,2410.0,2390.0,2390.0
2008-12-17,2390.0,2420.0,2390.0,2420.0
2008-12-18,2440.0,2440.0,2420.0,2420.0
2008-12-19,2420.0,2420.0,2370.0,2370.0
2008-12-22,2400.0,2430.0,2400.0,2430.0
2008-12-24,2430.0,2430.0,2410.0,2410.0
2008-12-25,2441.4638671875,2441.4638671875,2440.0,2440.0
2008-12-26,2460.0,2460.0,2440.0,2460.0
2008-12-29,2480.0,2510.0,2470.0,2510.0
2008-12-30,2490.0,2530.0,2490.0,2520.0
2009-01-05,2530.0,2540.0,2490.0,2490.0
2009-01-06,2460.0,2460.0,2440.0,2440.0
2009-01-07,2440.0,2460.0,2440.0,2460.0
2009-01-08,2440.0,2440.0,2400.0,2400.0
2009-01-09,2400.0,2400.0,2390.0,2390.0
2009-01-13,2400.0,2400.0,2350.0,2350.0
2009-01-14,2350.0,2350.0,2350.0,2350.0
2009-01-15,2360.0,2360.0,2330.0,2330.0
2009-01-16,2360.0,2370.0,2360.0,2370.0
2009-01-19,2360.0,2370.0,2360.0,2370.0
2009-01-20,2330.0,2340.0,2330.0,2340.0
2009-01-21,2330.0,2330.0,2320.0,2320.0
2009-01-22,2320.0,2350.0,2320.0,2350.0
2009-01-23,2350.0,2350.0,2350.0,2350.0
2009-01-26,2350.0,2380.0,2350.0,2380.0
2009-01-27,2350.0,2410.0,2350.0,2410.0
2009-01-28,2410.0,2420.0,2410.0,2420.0
2009-01-29,2420.0,2440.0,2420.0,2440.0
2009-01-30,2440.0,2440.0,2410.0,2410.0
2009-02-02,2360.0,2370.0,2330.0,2370.0
2009-02-03,2370.0,2370.0,2370.0,2370.0
2009-02-04,2370.0,2400.0,2370.0,2400.0
2009-02-05,2410.0,2440.0,2410.0,2440.0
2009-02-06,2440.0,2440.0,2400.0,2400.0
2009-02-09,2380.0,2380.0,2380.0,2380.0
2009-02-10,2500.0,2500.0,2490.0,2490.0
2009-02-12,2400.0,2410.0,2400.0,2410.0
2009-02-13,2400.0,2450.0,2400.0,2450.0
2009-02-16,2480.0,2480.0,2480.0,2480.0
2009-02-17,2470.0,2470.0,2470.0,2470.0
2009-02-18,2450.0,2460.0,2450.0,2460.0
2009-02-19,2470.0,2490.0,2470.0,2490.0
2009-02-20,2500.0,2500.0,2470.0,2470.0
2009-02-23,2480.0,2500.0,2480.0,2500.0
2009-02-24,2500.0,2500.0,2490.0,2490.0
2009-02-25,2510.0,2510.0,2510.0,2510.0
2009-02-26,2510.0,2510.0,2480.0,2480.0
2009-02-27,2460.0,2480.0,2460.0,2480.0
2009-03-02,2480.0,2480.0,2470.0,2470.0
2009-03-03,2460.0,2460.0,2450.0,2450.0
2009-03-04,2430.0,2450.0,2430.0,2450.0
2009-03-05,2480.0,2480.0,2460.0,2460.0
2009-03-06,2430.0,2430.0,2430.0,2430.0
2009-03-09,2420.0,2420.0,2420.0,2420.0
2009-03-10,2420.0,2420.0,2360.0,2360.0
2009-03-11,2410.0,2410.0,2380.0,2380.0
2009-03-12,2380.0,2380.0,2370.0,2370.0
2009-03-13,2370.0,2450.0,2370.0,2450.0
2009-03-16,2450.0,2450.0,2450.0,2450.0
2009-03-17,2480.0,2480.0,2450.0,2450.0
2009-03-18,2510.0,2510.0,2480.0,2480.0
2009-03-19,2480.0,2480.0,2480.0,2480.0
2009-03-23,2490.0,2530.0,2490.0,2530.0
2009-03-24,2590.0,2590.0,2550.0,2550.0
2009-03-25,2560.0,2690.0,2560.0,2690.0
2009-03-26,2660.0,2660.0,2640.0,2640.0
2009-03-27,2620.0,2620.0,2610.0,2610.0
2009-03-30,2650.0,2650.0,2610.0,2610.0
2009-03-31,2610.0,2610.0,2590.0,2590.0
2009-04-01,2590.0,2600.0,2590.0,2600.0
2009-04-02,2600.0,2620.0,2600.0,2620.0
2009-04-03,2510.0,2530.0,2510.0,2530.0
2009-04-06,2520.0,2520.0,2510.0,2510.0
2009-04-07,2510.0,2540.0,2510.0,2540.0
2009-04-08,2510.0,2510.0,2510.0,2510.0
2009-04-09,2510.0,2520.0,2510.0,2520.0
2009-04-10,2480.0,2490.0,2480.0,2490.0
2009-04-13,2500.0,2500.0,2480.0,2480.0
2009-04-14,2490.0,2500.0,2490.0,2500.0
2009-04-15,2500.0,2510.0,2500.0,2510.0
2009-04-16,2510.0,2530.0,2510.0,2530.0
2009-04-17,2530.0,2530.0,2520.0,2520.0
2009-04-20,2520.0,2540.0,2520.0,2540.0
2009-04-21,2470.0,2480.0,2470.0,2480.0
2009-04-22,2470.0,2490.0,2470.0,2490.0
2009-04-23,2480.0,2510.0,2480.0,2510.0
2009-04-24,2470.0,2470.0,2470.0,2470.0
2009-04-27,2470.0,2470.0,2470.0,2470.0
2009-04-28,2480.0,2480.0,2430.0,2430.0
2009-04-30,2500.0,2500.0,2430.0,2430.0
2009-05-01,2450.0,2450.0,2410.0,2410.0
2009-05-07,2460.0,2460.0,2420.0,2420.0
2009-05-08,2440.0,2450.0,2440.0,2450.0
2009-05-11,2450.0,2510.0,2450.0,2510.0
2009-05-12,2510.0,2510.0,2500.0,2500.0
2009-05-13,2500.0,2500.0,2490.0,2490.0
2009-05-14,2440.0,2450.0,2440.0,2450.0
2009-05-15,2460.0,2460.0,2460.0,2460.0
2009-05-18,2420.0,2420.0,2410.0,2410.0
2009-05-19,2420.0,2440.0,2420.0,2440.0
2009-05-20,2440.0,2480.0,2440.0,2480.0
2009-05-21,2520.0,2520.0,2520.0,2520.0
2009-05-22,2530.0,2530.0,2520.0,2520.0
2009-05-25,2530.0,2530.0,2530.0,2530.0
2009-05-26,2500.0,2550.0,2500.0,2550.0
2009-05-27,2510.0,2510.0,2500.0,2500.0
2009-05-28,2500.0,2520.0,2500.0,2520.0
2009-05-29,2520.0,2520.0,2460.0,2460.0
2009-06-01,2480.0,2510.0,2470.0,2500.0
2009-06-02,2500.0,2520.0,2500.0,2520.0
2009-06-03,2500.0,2500.0,2490.0,2490.0
2009-06-04,2490.0,2500.0,2490.0,2500.0
2009-06-05,2490.0,2490.0,2480.0,2480.0
2009-06-08,2480.0,2480.0,2480.0,2480.0
2009-06-09,2510.0,2510.0,2480.0,2480.0
2009-06-10,2490.0,2510.0,2490.0,2510.0
2009-06-11,2500.0,2510.0,2480.0,2490.0
2009-06-12,2480.0,2500.0,2470.0,2500.0
2009-06-15,2490.0,2520.0,2480.0,2520.0
2009-06-16,2490.0,2490.0,2470.0,2480.0
2009-06-17,2470.0,2490.0,2470.0,2480.0
2009-06-18,2470.0,2480.0,2470.0,2480.0
2009-06-19,2450.0,2460.0,2400.0,2400.0
2009-06-22,2440.0,2440.0,2420.0,2420.0
2009-06-23,2400.0,2420.0,2400.0,2400.0
2009-06-24,2430.0,2440.0,2420.0,2420.0
2009-06-25,2440.0,2480.0,2440.0,2480.0
2009-06-26,2490.0,2500.0,2480.0,2490.0
2009-06-29,2490.0,2490.0,2440.0,2460.0
2009-06-30,2470.0,2500.0,2470.0,2500.0
2009-07-01,2500.0,2510.0,2500.0,2500.0
2009-07-02,2510.0,2520.0,2480.0,2490.0
2009-07-03,2460.0,2470.0,2440.0,2450.0
2009-07-06,2460.0,2470.0,2440.0,2470.0
2009-07-07,2470.0,2490.0,2460.0,2480.0
2009-07-08,2460.0,2480.0,2450.0,2470.0
2009-07-09,2460.0,2480.0,2450.0,2480.0
2009-07-10,2530.0,2530.0,2500.0,2510.0
2009-07-13,2480.0,2510.0,2480.0,2480.0
2009-07-14,2480.0,2480.0,2460.0,2470.0
2009-07-15,2470.0,2490.0,2450.0,2470.0
2009-07-16,2480.0,2490.0,2480.0,2480.0
2009-07-17,2460.0,2480.0,2450.0,2460.0
2009-07-21,2470.0,2510.0,2460.0,2510.0
2009-07-22,2510.0,2520.0,2510.0,2520.0
2009-07-23,2510.0,2520.0,2490.0,2510.0
2009-07-24,2520.0,2540.0,2510.0,2540.0
2009-07-27,2540.0,2560.0,2540.0,2550.0
2009-07-28,2570.0,2570.0,2520.0,2530.0
2009-07-29,2540.0,2550.0,2520.0,2540.0
2009-07-30,2540.0,2550.0,2530.0,2540.0
2009-07-31,2550.0,2550.0,2520.0,2530.0
2009-08-03,2540.0,2540.0,2500.0,2510.0
2009-08-04,2520.0,2520.0,2500.0,2520.0
2009-08-05,2530.0,2560.0,2510.0,2540.0
2009-08-06,2520.0,2550.0,2520.0,2540.0
2009-08-07,2520.0,2530.0,2510.0,2530.0
2009-08-10,2560.0,2570.0,2540.0,2550.0
2009-08-11,2550.0,2560.0,2510.0,2540.0
2009-08-12,2530.0,2530.0,2500.0,2510.0
2009-08-13,2510.0,2510.0,2490.0,2490.0
2009-08-14,2480.0,2520.0,2480.0,2520.0
2009-08-17,2500.0,2510.0,2490.0,2490.0
2009-08-18,2500.0,2510.0,2500.0,2500.0
2009-08-19,2500.0,2500.0,2480.0,2490.0
2009-08-20,2500.0,2530.0,2500.0,2530.0
2009-08-21,2500.0,2510.0,2480.0,2490.0
2009-08-24,2500.0,2530.0,2500.0,2520.0
2009-08-25,2520.0,2530.0,2520.0,2520.0
2009-08-26,2530.0,2540.0,2520.0,2540.0
2009-08-27,2540.0,2550.0,2500.0,2510.0
2009-08-28,2510.0,2530.0,2510.0,2520.0
2009-08-31,2500.0,2550.0,2500.0,2530.0
2009-09-02,2550.0,2550.0,2500.0,2520.0
2009-09-03,2500.0,2510.0,2500.0,2500.0
2009-09-04,2490.0,2510.0,2490.0,2490.0
2009-09-07,2500.0,2510.0,2490.0,2500.0
2009-09-08,2490.0,2510.0,2490.0,2510.0
2009-09-09,2520.0,2520.0,2490.0,2490.0
2009-09-10,2510.0,2550.0,2510.0,2550.0
2009-09-11,2540.0,2540.0,2500.0,2500.0
2009-09-14,2520.0,2520.0,2490.0,2490.0
2009-09-15,2500.0,2510.0,2490.0,2510.0
2009-09-16,2510.0,2510.0,2490.0,2490.0
2009-09-17,2500.0,2500.0,2490.0,2500.0
2009-09-18,2510.0,2510.0,2490.0,2500.0
2009-09-21,2500.0,2500.0,2500.0,2500.0
2009-09-24,2500.0,2550.0,2500.0,2550.0
2009-09-25,2530.0,2530.0,2490.0,2490.0
2009-09-28,2500.0,2540.0,2500.0,2540.0
2009-09-29,2530.0,2540.0,2500.0,2510.0
2009-09-30,2510.0,2550.0,2510.0,2550.0
2009-10-01,2550.0,2550.0,2500.0,2530.0
2009-10-02,2510.0,2510.0,2500.0,2510.0
2009-10-05,2510.0,2510.0,2490.0,2500.0
2009-10-06,2490.0,2500.0,2460.0,2480.0
2009-10-07,2480.0,2490.0,2480.0,2490.0
2009-10-08,2500.0,2500.0,2460.0,2490.0
2009-10-09,2490.0,2490.0,2460.0,2480.0
2009-10-13,2490.0,2490.0,2480.0,2490.0
2009-10-14,2480.0,2500.0,2470.0,2500.0
2009-10-15,2510.0,2510.0,2490.0,2500.0
2009-10-16,2510.0,2510.0,2500.0,2510.0
2009-10-19,2520.0,2540.0,2500.0,2540.0
2009-10-20,2540.0,2540.0,2520.0,2540.0
2009-10-21,2540.0,2550.0,2530.0,2550.0
2009-10-22,2550.0,2550.0,2520.0,2550.0
2009-10-23,2550.0,2560.0,2540.0,2550.0
2009-10-26,2550.0,2580.0,2540.0,2580.0
2009-10-27,2580.0,2580.0,2540.0,2580.0
2009-10-28,2590.0,2600.0,2570.0,2600.0
2009-10-29,2600.0,2610.0,2590.0,2590.0
2009-10-30,2610.0,2620.0,2560.0,2590.0
2009-11-02,2590.0,2610.0,2590.0,2610.0
2009-11-04,2570.0,2590.0,2540.0,2590.0
2009-11-05,2560.0,2590.0,2550.0,2590.0
2009-11-06,2570.0,2570.0,2540.0,2550.0
2009-11-09,2560.0,2560.0,2470.0,2480.0
2009-11-10,2510.0,2520.0,2490.0,2510.0
2009-11-11,2510.0,2520.0,2500.0,2520.0
2009-11-12,2510.0,2510.0,2490.0,2490.0
2009-11-13,2490.0,2510.0,2490.0,2510.0
2009-11-16,2520.0,2540.0,2510.0,2540.0
2009-11-17,2520.0,2530.0,2490.0,2530.0
2009-11-18,2510.0,2530.0,2500.0,2520.0
2009-11-19,2530.0,2530.0,2510.0,2510.0
2009-11-20,2520.0,2530.0,2510.0,2530.0
2009-11-24,2530.0,2530.0,2500.0,2500.0
2009-11-25,2510.0,2510.0,2500.0,2500.0
2009-11-26,2500.0,2510.0,2500.0,2510.0
2009-11-27,2510.0,2520.0,2500.0,2510.0
2009-11-30,2520.0,2540.0,2510.0,2540.0
2009-12-01,2540.0,2570.0,2520.0,2570.0
2009-12-02,2570.0,2570.0,2530.0,2550.0
2009-12-03,2550.0,2580.0,2540.0,2580.0
2009-12-04,2570.0,2580.0,2550.0,2550.0
2009-12-07,2540.0,2560.0,2530.0,2540.0
2009-12-08,2550.0,2560.0,2520.0,2560.0
2009-12-09,2550.0,2570.0,2540.0,2560.0
2009-12-10,2620.0,2620.0,2560.0,2570.0
2009-12-11,2600.0,2600.0,2570.0,2590.0
2009-12-14,2600.0,2600.0,2560.0,2580.0
2009-12-15,2550.0,2570.0,2520.0,2540.0
2009-12-16,2550.0,2570.0,2530.0,2550.0
2009-12-17,2540.0,2570.0,2540.0,2540.0
2009-12-18,2540.0,2540.0,2520.0,2530.0
2009-12-21,2520.0,2520.0,2500.0,2510.0
2009-12-22,2500.0,2510.0,2500.0,2500.0
2009-12-24,2510.0,2520.0,2510.0,2510.0
2009-12-25,2520.0,2540.0,2520.0,2530.0
2009-12-28,2540.0,2570.0,2540.0,2550.0
2009-12-29,2570.0,2590.0,2560.0,2590.0
2009-12-30,2570.0,2580.0,2540.0,2540.0
2010-01-04,2550.0,2560.0,2540.0,2560.0
2010-01-05,2580.0,2580.0,2550.0,2550.0
2010-01-06,2550.0,2560.0,2540.0,2550.0
2010-01-07,2560.0,2560.0,2540.0,2560.0
2010-01-08,2560.0,2580.0,2540.0,2580.0
2010-01-12,2600.0,2600.0,2580.0,2600.0
2010-01-13,2580.0,2610.0,2580.0,2590.0
2010-01-14,2580.0,2590.0,2570.0,2590.0
2010-01-15,2570.0,2570.0,2550.0,2570.0
2010-01-18,2560.0,2580.0,2550.0,2550.0
2010-01-19,2550.0,2580.0,2540.0,2570.0
2010-01-20,2560.0,2570.0,2550.0,2550.0
2010-01-21,2550.0,2590.0,2540.0,2590.0
2010-01-22,2560.0,2570.0,2530.0,2560.0
2010-01-25,2570.0,2580.0,2560.0,2560.0
2010-01-26,2570.0,2570.0,2530.0,2530.0
2010-01-27,2550.0,2560.0,2530.0,2530.0
2010-01-28,2520.0,2530.0,2520.0,2530.0
2010-01-29,2540.0,2540.0,2510.0,2510.0
2010-02-01,2510.0,2520.0,2480.0,2500.0
2010-02-02,2490.0,2500.0,2490.0,2490.0
2010-02-03,2500.0,2520.0,2500.0,2500.0
2010-02-04,2510.0,2530.0,2500.0,2530.0
2010-02-05,2520.0,2520.0,2490.0,2490.0
2010-02-08,2500.0,2510.0,2490.0,2500.0
2010-02-09,2500.0,2500.0,2490.0,2490.0
2010-02-10,2490.0,2500.0,2490.0,2490.0
2010-02-12,2500.0,2500.0,2480.0,2500.0
2010-02-15,2490.0,2490.0,2480.0,2480.0
2010-02-16,2480.0,2480.0,2460.0,2460.0
2010-02-17,2470.0,2500.0,2470.0,2500.0
2010-02-18,2490.0,2500.0,2470.0,2480.0
2010-02-19,2490.0,2490.0,2450.0,2450.0
2010-02-22,2450.0,2490.0,2450.0,2480.0
2010-02-23,2490.0,2490.0,2470.0,2480.0
2010-02-24,2490.0,2490.0,2460.0,2460.0
2010-02-25,2470.0,2490.0,2470.0,2480.0
2010-02-26,2500.0,2510.0,2490.0,2490.0
2010-03-01,2500.0,2530.0,2490.0,2530.0
2010-03-02,2520.0,2570.0,2520.0,2560.0
2010-03-03,2550.0,2590.0,2550.0,2580.0
2010-03-04,2580.0,2590.0,2560.0,2560.0
2010-03-05,2570.0,2580.0,2570.0,2580.0
2010-03-08,2580.0,2600.0,2580.0,2600.0
2010-03-09,2590.0,2590.0,2580.0,2590.0
2010-03-10,2590.0,2590.0,2570.0,2570.0
2010-03-11,2580.0,2590.0,2570.0,2580.0
2010-03-12,2570.0,2570.0,2560.0,2570.0
2010-03-15,2580.0,2610.0,2560.0,2610.0
2010-03-16,2600.0,2610.0,2590.0,2590.0
2010-03-17,2590.0,2590.0,2580.0,2590.0
2010-03-18,2580.0,2590.0,2570.0,2580.0
2010-03-19,2580.0,2590.0,2570.0,2590.0
2010-03-23,2580.0,2590.0,2570.0,2570.0
2010-03-24,2580.0,2590.0,2560.0,2580.0
2010-03-25,2580.0,2590.0,2570.0,2580.0
2010-03-26,2590.0,2610.0,2590.0,2610.0
2010-03-29,2590.0,2600.0,2580.0,2590.0
2010-03-30,2590.0,2610.0,2590.0,2610.0
2010-03-31,2590.0,2630.0,2590.0,2620.0
2010-04-01,2620.0,2620.0,2600.0,2620.0
2010-04-02,2620.0,2620.0,2590.0,2600.0
2010-04-05,2600.0,2600.0,2590.0,2600.0
2010-04-06,2610.0,2610.0,2600.0,2610.0
2010-04-07,2620.0,2620.0,2610.0,2620.0
2010-04-08,2630.0,2630.0,2600.0,2600.0
2010-04-09,2600.0,2620.0,2600.0,2620.0
2010-04-12,2630.0,2630.0,2610.0,2610.0
2010-04-13,2610.0,2620.0,2610.0,2610.0
2010-04-14,2620.0,2630.0,2600.0,2600.0
2010-04-15,2610.0,2610.0,2600.0,2610.0
2010-04-16,2610.0,2610.0,2590.0,2590.0
2010-04-19,2590.0,2590.0,2570.0,2570.0
2010-04-20,2570.0,2570.0,2560.0,2570.0
2010-04-21,2580.0,2620.0,2580.0,2620.0
2010-04-22,2600.0,2600.0,2590.0,2590.0
2010-04-23,2600.0,2600.0,2590.0,2600.0
2010-04-26,2620.0,2620.0,2600.0,2620.0
2010-04-27,2620.0,2630.0,2590.0,2600.0
2010-04-28,2580.0,2590.0,2550.0,2550.0
2010-04-30,2560.0,2580.0,2530.0,2530.0
2010-05-06,2530.0,2540.0,2510.0,2510.0
2010-05-07,2510.0,2510.0,2460.0,2480.0
2010-05-10,2500.0,2500.0,2480.0,2500.0
2010-05-11,2510.0,2530.0,2510.0,2520.0
2010-05-12,2510.0,2540.0,2510.0,2530.0
2010-05-13,2510.0,2540.0,2510.0,2520.0
2010-05-14,2520.0,2550.0,2520.0,2520.0
2010-05-17,2520.0,2530.0,2500.0,2510.0
2010-05-18,2500.0,2520.0,2500.0,2510.0
2010-05-19,2510.0,2520.0,2490.0,2500.0
2010-05-20,2510.0,2520.0,2500.0,2510.0
2010-05-21,2490.0,2500.0,2450.0,2450.0
2010-05-24,2450.0,2460.0,2420.0,2420.0
2010-05-25,2440.0,2460.0,2420.0,2460.0
2010-05-26,2460.0,2480.0,2460.0,2460.0
2010-05-27,2460.0,2470.0,2430.0,2440.0
2010-05-28,2440.0,2440.0,2420.0,2420.0
2010-05-31,2430.0,2430.0,2420.0,2420.0
2010-06-01,2430.0,2460.0,2430.0,2450.0
2010-06-02,2450.0,2460.0,2450.0,2450.0
2010-06-03,2460.0,2490.0,2460.0,2480.0
2010-06-04,2480.0,2480.0,2470.0,2480.0
2010-06-07,2470.0,2470.0,2410.0,2440.0
2010-06-08,2430.0,2450.0,2420.0,2450.0
2010-06-09,2440.0,2460.0,2440.0,2460.0
2010-06-10,2470.0,2480.0,2460.0,2460.0
2010-06-11,2480.0,2480.0,2450.0,2460.0
2010-06-14,2450.0,2460.0,2450.0,2450.0
2010-06-15,2450.0,2470.0,2450.0,2460.0
2010-06-16,2470.0,2480.0,2450.0,2480.0
2010-06-17,2480.0,2490.0,2470.0,2490.0
2010-06-18,2480.0,2480.0,2410.0,2430.0
2010-06-21,2430.0,2450.0,2430.0,2450.0
2010-06-22,2450.0,2450.0,2440.0,2440.0
2010-06-23,2450.0,2450.0,2420.0,2420.0
2010-06-24,2430.0,2440.0,2430.0,2430.0
2010-06-25,2440.0,2440.0,2430.0,2430.0
2010-06-28,2450.0,2450.0,2440.0,2450.0
2010-06-29,2460.0,2470.0,2450.0,2470.0
2010-06-30,2470.0,2490.0,2470.0,2490.0
2010-07-01,2490.0,2500.0,2490.0,2500.0
2010-07-02,2490.0,2490.0,2440.0,2450.0
2010-07-05,2470.0,2470.0,2440.0,2440.0
2010-07-06,2430.0,2440.0,2420.0,2440.0
2010-07-07,2430.0,2430.0,2420.0,2420.0
2010-07-08,2450.0,2460.0,2450.0,2450.0
2010-07-09,2460.0,2470.0,2450.0,2460.0
2010-07-12,2490.0,2490.0,2470.0,2480.0
2010-07-13,2490.0,2490.0,2460.0,2460.0
2010-07-14,2480.0,2480.0,2440.0,2440.0
2010-07-15,2440.0,2440.0,2430.0,2430.0
2010-07-16,2420.0,2430.0,2420.0,2420.0
2010-07-21,2420.0,2440.0,2420.0,2430.0
2010-07-22,2420.0,2440.0,2420.0,2440.0
2010-07-23,2440.0,2440.0,2410.0,2420.0
2010-07-26,2430.0,2430.0,2410.0,2420.0
2010-07-27,2420.0,2430.0,2420.0,2430.0
2010-07-28,2430.0,2440.0,2420.0,2440.0
2010-07-29,2420.0,2430.0,2420.0,2420.0
2010-07-30,2420.0,2420.0,2400.0,2400.0
2010-08-02,2400.0,2420.0,2390.0,2400.0
2010-08-03,2410.0,2420.0,2410.0,2420.0
2010-08-04,2410.0,2420.0,2400.0,2400.0
2010-08-05,2410.0,2430.0,2410.0,2430.0
2010-08-06,2430.0,2440.0,2420.0,2440.0
2010-08-09,2430.0,2440.0,2430.0,2440.0
2010-08-10,2440.0,2450.0,2430.0,2440.0
2010-08-11,2420.0,2430.0,2400.0,2400.0
2010-08-12,2390.0,2400.0,2380.0,2390.0
2010-08-13,2400.0,2400.0,2390.0,2390.0
2010-08-16,2390.0,2420.0,2390.0,2420.0
2010-08-17,2420.0,2420.0,2410.0,2420.0
2010-08-18,2420.0,2420.0,2400.0,2410.0
2010-08-19,2420.0,2430.0,2420.0,2430.0
2010-08-20,2410.0,2420.0,2410.0,2410.0
2010-08-23,2390.0,2410.0,2390.0,2410.0
2010-08-24,2390.0,2400.0,2390.0,2400.0
2010-08-25,2410.0,2420.0,2400.0,2420.0
2010-08-26,2420.0,2420.0,2410.0,2420.0
2010-08-27,2430.0,2470.0,2430.0,2470.0
2010-08-30,2480.0,2480.0,2470.0,2480.0
2010-08-31,2470.0,2470.0,2440.0,2440.0
2010-09-01,2440.0,2440.0,2420.0,2430.0
2010-09-02,2430.0,2440.0,2430.0,2440.0
2010-09-03,2430.0,2450.0,2430.0,2450.0
2010-09-06,2460.0,2470.0,2450.0,2460.0
2010-09-07,2450.0,2470.0,2440.0,2450.0
2010-09-08,2440.0,2470.0,2440.0,2470.0
2010-09-09,2470.0,2480.0,2470.0,2470.0
2010-09-10,2410.0,2440.0,2410.0,2440.0
2010-09-13,2440.0,2440.0,2410.0,2410.0
2010-09-14,2410.0,2430.0,2410.0,2420.0
2010-09-16,2460.0,2460.0,2420.0,2420.0
2010-09-17,2440.0,2460.0,2440.0,2460.0
2010-09-21,2470.0,2470.0,2450.0,2460.0
2010-09-22,2460.0,2460.0,2430.0,2440.0
2010-09-24,2440.0,2450.0,2420.0,2430.0
2010-09-27,2450.0,2470.0,2430.0,2470.0
2010-09-28,2450.0,2460.0,2440.0,2460.0
2010-09-29,2440.0,2460.0,2440.0,2450.0
2010-09-30,2470.0,2470.0,2410.0,2430.0
2010-10-01,2440.0,2440.0,2400.0,2410.0
2010-10-04,2420.0,2420.0,2390.0,2390.0
2010-10-05,2380.0,2430.0,2380.0,2420.0
2010-10-06,2440.0,2440.0,2410.0,2420.0
2010-10-07,2420.0,2450.0,2420.0,2440.0
2010-10-08,2440.0,2450.0,2420.0,2420.0
2010-10-12,2430.0,2430.0,2370.0,2380.0
2010-10-13,2370.0,2370.0,2330.0,2340.0
2010-10-14,2310.0,2330.0,2300.0,2300.0
2010-10-15,2290.0,2320.0,2290.0,2310.0
2010-10-18,2320.0,2350.0,2320.0,2350.0
2010-10-19,2370.0,2380.0,2360.0,2370.0
2010-10-20,2300.0,2310.0,2270.0,2290.0
2010-10-21,2260.0,2260.0,2230.0,2240.0
2010-10-22,2240.0,2280.0,2230.0,2270.0
2010-10-25,2280.0,2280.0,2240.0,2260.0
2010-10-26,2260.0,2370.0,2260.0,2310.0
2010-10-27,2270.0,2280.0,2250.0,2250.0
2010-10-28,2240.0,2250.0,2230.0,2230.0
2010-10-29,2240.0,2290.0,2230.0,2290.0
2010-11-01,2300.0,2320.0,2280.0,2280.0
2010-11-02,2310.0,2310.0,2270.0,2290.0
2010-11-04,2310.0,2350.0,2300.0,2330.0
2010-11-05,2360.0,2380.0,2340.0,2350.0
2010-11-08,2350.0,2380.0,2350.0,2370.0
2010-11-09,2370.0,2380.0,2370.0,2380.0
2010-11-10,2390.0,2400.0,2370.0,2380.0
2010-11-11,2360.0,2380.0,2340.0,2350.0
2010-11-12,2360.0,2380.0,2340.0,2340.0
2010-11-15,2340.0,2340.0,2330.0,2330.0
2010-11-16,2330.0,2330.0,2310.0,2310.0
2010-11-17,2300.0,2330.0,2300.0,2320.0
2010-11-18,2330.0,2370.0,2330.0,2370.0
2010-11-19,2370.0,2380.0,2350.0,2350.0
2010-11-22,2340.0,2350.0,2340.0,2340.0
2010-11-24,2320.0,2320.0,2280.0,2280.0
2010-11-25,2270.0,2270.0,2220.0,2230.0
2010-11-26,2230.0,2250.0,2180.0,2180.0
2010-11-29,2190.0,2210.0,2190.0,2190.0
2010-11-30,2200.0,2210.0,2020.0,2040.0
2010-12-01,2080.0,2100.0,2070.0,2100.0
2010-12-02,2140.0,2150.0,2110.0,2120.0
2010-12-03,2140.0,2150.0,2120.0,2130.0
2010-12-06,2140.0,2150.0,2130.0,2140.0
2010-12-07,2130.0,2140.0,2130.0,2140.0
2010-12-08,2140.0,2150.0,2130.0,2150.0
2010-12-09,2140.0,2140.0,2120.0,2130.0
2010-12-10,2160.0,2160.0,2140.0,2150.0
2010-12-13,2160.0,2160.0,2150.0,2160.0
2010-12-14,2160.0,2180.0,2160.0,2180.0
2010-12-15,2180.0,2180.0,2160.0,2160.0
2010-12-16,2170.0,2180.0,2170.0,2170.0
2010-12-17,2170.0,2180.0,2170.0,2180.0
2010-12-20,2170.0,2170.0,2160.0,2170.0
2010-12-21,2170.0,2180.0,2160.0,2180.0
2010-12-22,2160.0,2170.0,2130.0,2130.0
2010-12-24,2150.0,2150.0,2140.0,2140.0
2010-12-27,2140.0,2150.0,2110.0,2120.0
2010-12-28,2150.0,2150.0,2140.0,2140.0
2010-12-29,2130.0,2140.0,2130.0,2140.0
2010-12-30,2130.0,2140.0,2120.0,2120.0
2011-01-04,2130.0,2140.0,2130.0,2140.0
2011-01-05,2150.0,2150.0,2120.0,2120.0
2011-01-06,2130.0,2140.0,2120.0,2130.0
2011-01-07,2140.0,2150.0,2110.0,2110.0
2011-01-11,2130.0,2130.0,2110.0,2120.0
2011-01-12,2110.0,2130.0,2110.0,2130.0
2011-01-13,2130.0,2140.0,2120.0,2140.0
2011-01-14,2130.0,2140.0,2120.0,2120.0
2011-01-17,2140.0,2140.0,2120.0,2120.0
2011-01-18,2130.0,2130.0,2120.0,2120.0
2011-01-19,2120.0,2130.0,2120.0,2130.0
2011-01-20,2130.0,2130.0,2120.0,2120.0
2011-01-21,2120.0,2130.0,2110.0,2110.0
2011-01-24,2120.0,2120.0,2100.0,2110.0
2011-01-25,2120.0,2130.0,2110.0,2120.0
2011-01-26,2120.0,2130.0,2120.0,2120.0
2011-01-27,2120.0,2130.0,2120.0,2130.0
2011-01-28,2120.0,2120.0,2100.0,2100.0
2011-01-31,2100.0,2100.0,2090.0,2090.0
2011-02-01,2100.0,2110.0,2100.0,2110.0
2011-02-02,2110.0,2120.0,2110.0,2120.0
2011-02-03,2120.0,2120.0,2110.0,2110.0
2011-02-04,2120.0,2130.0,2110.0,2130.0
2011-02-07,2130.0,2130.0,2120.0,2120.0
2011-02-08,2120.0,2130.0,2120.0,2120.0
2011-02-09,2120.0,2140.0,2120.0,2140.0
2011-02-10,2150.0,2150.0,2130.0,2130.0
2011-02-14,2130.0,2150.0,2130.0,2140.0
2011-02-15,2130.0,2140.0,2120.0,2120.0
2011-02-16,2120.0,2120.0,2110.0,2110.0
2011-02-17,2120.0,2140.0,2110.0,2140.0
2011-02-18,2140.0,2140.0,2120.0,2120.0
2011-02-21,2140.0,2140.0,2130.0,2140.0
2011-02-22,2130.0,2140.0,2130.0,2130.0
2011-02-23,2130.0,2140.0,2120.0,2120.0
2011-02-24,2110.0,2120.0,2110.0,2110.0
2011-02-25,2110.0,2120.0,2110.0,2110.0
2011-02-28,2110.0,2120.0,2110.0,2110.0
2011-03-01,2130.0,2140.0,2120.0,2120.0
2011-03-02,2120.0,2130.0,2110.0,2120.0
2011-03-03,2130.0,2130.0,2120.0,2120.0
2011-03-04,2130.0,2140.0,2130.0,2130.0
2011-03-07,2130.0,2140.0,2120.0,2120.0
2011-03-08,2130.0,2140.0,2130.0,2130.0
2011-03-09,2140.0,2140.0,2130.0,2130.0
2011-03-10,2140.0,2140.0,2130.0,2130.0
2011-03-11,2120.0,2130.0,2110.0,2110.0
2011-03-14,2000.0,2050.0,1930.0,2020.0
2011-03-15,1970.0,1980.0,1750.0,1750.0
2011-03-16,1790.0,1920.0,1770.0,1900.0
2011-03-17,1900.0,2000.0,1860.0,1950.0
2011-03-18,1990.0,2060.0,1980.0,2060.0
2011-03-22,2130.0,2130.0,2070.0,2080.0
2011-03-23,2080.0,2110.0,2060.0,2070.0
2011-03-24,2070.0,2080.0,2060.0,2060.0
2011-03-25,2100.0,2100.0,2090.0,2100.0
2011-03-28,2120.0,2130.0,2100.0,2130.0
2011-03-29,2100.0,2120.0,2070.0,2120.0
2011-03-30,2110.0,2110.0,2060.0,2080.0
2011-03-31,2070.0,2070.0,2030.0,2070.0
2011-04-01,2070.0,2080.0,2030.0,2040.0
2011-04-04,2030.0,2030.0,2010.0,2010.0
2011-04-05,2010.0,2010.0,1940.0,1960.0
2011-04-06,1970.0,1970.0,1930.0,1940.0
2011-04-07,1960.0,1980.0,1940.0,1940.0
2011-04-08,1920.0,2010.0,1900.0,2000.0
2011-04-11,2010.0,2010.0,1980.0,2000.0
2011-04-12,1980.0,2000.0,1940.0,1940.0
2011-04-13,1950.0,1970.0,1940.0,1950.0
2011-04-14,1950.0,1960.0,1940.0,1940.0
2011-04-15,1950.0,1960.0,1930.0,1930.0
2011-04-18,1950.0,1950.0,1930.0,1930.0
2011-04-19,1930.0,1930.0,1920.0,1930.0
2011-04-20,1930.0,1960.0,1920.0,1940.0
2011-04-21,1960.0,1960.0,1940.0,1950.0
2011-04-22,1940.0,1950.0,1940.0,1950.0
2011-04-25,1950.0,1970.0,1950.0,1960.0
2011-04-26,1960.0,1970.0,1960.0,1960.0
2011-04-27,1970.0,1970.0,1950.0,1950.0
2011-04-28,1960.0,1970.0,1940.0,1950.0
2011-05-02,1960.0,1960.0,1940.0,1940.0
2011-05-06,1940.0,1950.0,1920.0,1930.0
2011-05-09,1940.0,1940.0,1930.0,1940.0
2011-05-10,1950.0,1960.0,1940.0,1940.0
2011-05-11,1940.0,1950.0,1930.0,1930.0
2011-05-12,1920.0,1950.0,1920.0,1920.0
2011-05-13,1910.0,1930.0,1870.0,1870.0
2011-05-16,1870.0,1870.0,1820.0,1840.0
2011-05-17,1810.0,1840.0,1810.0,1810.0
2011-05-18,1830.0,1840.0,1820.0,1820.0
2011-05-19,1830.0,1830.0,1800.0,1800.0
2011-05-20,1800.0,1810.0,1780.0,1780.0
2011-05-23,1770.0,1780.0,1760.0,1760.0
2011-05-24,1760.0,1770.0,1750.0,1770.0
2011-05-25,1780.0,1790.0,1770.0,1770.0
2011-05-26,1770.0,1800.0,1770.0,1780.0
2011-05-27,1780.0,1790.0,1780.0,1780.0
2011-05-30,1750.0,1760.0,1740.0,1740.0
2011-05-31,1750.0,1820.0,1750.0,1820.0
2011-06-01,1820.0,1820.0,1760.0,1770.0
2011-06-02,1770.0,1770.0,1760.0,1760.0
2011-06-03,1760.0,1770.0,1740.0,1740.0
2011-06-06,1740.0,1740.0,1700.0,1700.0
2011-06-07,1710.0,1730.0,1700.0,1710.0
2011-06-08,1710.0,1750.0,1710.0,1740.0
2011-06-09,1750.0,1780.0,1730.0,1780.0
2011-06-10,1810.0,1840.0,1770.0,1790.0
2011-06-13,1800.0,1840.0,1800.0,1840.0
2011-06-14,1840.0,1860.0,1830.0,1860.0
2011-06-15,1880.0,1900.0,1860.0,1860.0
2011-06-16,1850.0,1860.0,1830.0,1830.0
2011-06-17,1870.0,1870.0,1820.0,1820.0
2011-06-20,1820.0,1850.0,1820.0,1840.0
2011-06-21,1840.0,1880.0,1840.0,1880.0
2011-06-22,1890.0,1920.0,1880.0,1920.0
2011-06-23,1900.0,1930.0,1900.0,1930.0
2011-06-24,1930.0,1950.0,1930.0,1940.0
2011-06-27,1940.0,1960.0,1890.0,1890.0
2011-06-28,1930.0,1940.0,1910.0,1930.0
2011-06-29,1960.0,1980.0,1940.0,1980.0
2011-06-30,2000.0,2050.0,1980.0,2050.0
2011-07-01,2050.0,2060.0,2050.0,2050.0
2011-07-04,2080.0,2080.0,2050.0,2060.0
2011-07-05,2070.0,2070.0,2060.0,2060.0
2011-07-06,2060.0,2070.0,2060.0,2060.0
2011-07-07,2070.0,2070.0,2040.0,2060.0
2011-07-08,2070.0,2100.0,2060.0,2080.0
2011-07-11,2120.0,2130.0,2100.0,2130.0
2011-07-12,2120.0,2130.0,2100.0,2110.0
2011-07-13,2100.0,2120.0,2090.0,2110.0
2011-07-14,2090.0,2110.0,2060.0,2070.0
2011-07-15,2070.0,2090.0,2070.0,2090.0
2011-07-19,2110.0,2110.0,2100.0,2110.0
2011-07-20,2120.0,2120.0,2110.0,2120.0
2011-07-21,2100.0,2110.0,2100.0,2110.0
2011-07-22,2110.0,2110.0,2080.0,2100.0
2011-07-25,2100.0,2110.0,2100.0,2100.0
2011-07-26,2110.0,2120.0,2100.0,2110.0
2011-07-27,2120.0,2120.0,2090.0,2110.0
2011-07-28,2090.0,2120.0,2090.0,2110.0
2011-07-29,2090.0,2100.0,2050.0,2060.0
2011-08-01,2060.0,2080.0,2060.0,2080.0
2011-08-02,2080.0,2090.0,2060.0,2060.0
2011-08-03,2030.0,2040.0,2020.0,2020.0
2011-08-04,2020.0,2020.0,1970.0,1990.0
2011-08-05,1890.0,1950.0,1890.0,1950.0
2011-08-08,1900.0,1930.0,1900.0,1920.0
2011-08-09,1880.0,1910.0,1850.0,1910.0
2011-08-10,1990.0,1990.0,1990.0,1990.0
2011-08-11,1970.0,2030.0,1970.0,2010.0
2011-08-12,2010.0,2010.0,2010.0,2010.0
2011-08-15,2010.0,2030.0,1980.0,1990.0
2011-08-16,1990.0,2010.0,1980.0,1990.0
2011-08-17,1970.0,2020.0,1970.0,2010.0
2011-08-18,2010.0,2010.0,2010.0,2010.0
2011-08-19,2000.0,2030.0,1990.0,2030.0
2011-08-22,2030.0,2030.0,1990.0,2000.0
2011-08-23,2020.0,2080.0,2020.0,2080.0
2011-08-24,2080.0,2090.0,2060.0,2060.0
2011-08-25,2070.0,2080.0,2060.0,2060.0
2011-08-26,2060.0,2080.0,2060.0,2080.0
2011-08-29,2100.0,2110.0,2080.0,2080.0
2011-08-30,2110.0,2110.0,2100.0,2110.0
2011-08-31,2110.0,2110.0,2070.0,2070.0
2011-09-01,2100.0,2100.0,2080.0,2080.0
2011-09-02,2100.0,2110.0,2090.0,2110.0
2011-09-05,2100.0,2110.0,2090.0,2110.0
2011-09-06,2100.0,2110.0,2100.0,2110.0
2011-09-07,2110.0,2110.0,2100.0,2107.64697265625
2011-09-08,2110.0,2120.0,2110.0,2110.0
2011-09-09,2120.0,2130.0,2110.0,2130.0
2011-09-12,2120.0,2120.0,2090.0,2100.0
2011-09-13,2090.0,2120.0,2080.0,2120.0
2011-09-14,2120.0,2120.0,2110.0,2120.0
2011-09-15,2080.0,2110.0,2080.0,2100.0
2011-09-16,2100.0,2120.0,2090.0,2110.0
2011-09-20,2100.0,2100.0,2080.0,2090.0
2011-09-21,2080.0,2100.0,2070.0,2070.0
2011-09-22,2070.0,2070.0,2020.0,2030.0
2011-09-26,2030.0,2040.0,2020.0,2020.0
2011-09-27,2030.0,2120.0,2020.0,2120.0
2011-09-28,2100.0,2130.0,2100.0,2130.0
2011-09-29,2120.0,2140.0,2110.0,2140.0
2011-09-30,2130.0,2140.0,2100.0,2100.0
2011-10-03,2100.0,2120.0,2080.0,2100.0
2011-10-04,2100.0,2100.0,2060.0,2060.0
2011-10-05,2090.0,2090.0,1970.0,1970.0
2011-10-06,1970.0,2040.0,1970.0,2040.0
2011-10-07,2040.0,2100.0,2040.0,2050.0
2011-10-11,2070.0,2070.0,2030.0,2070.0
2011-10-12,2050.0,2070.0,2050.0,2050.0
2011-10-13,2070.0,2070.0,1990.0,2000.0
2011-10-14,1980.0,2000.0,1980.0,1980.0
2011-10-17,1990.0,2020.0,1990.0,2020.0
2011-10-18,2010.0,2010.0,1990.0,1990.0
2011-10-19,2010.0,2010.0,1990.0,1990.0
2011-10-20,1990.0,2000.0,1970.0,2000.0
2011-10-21,2000.0,2000.0,1950.0,1950.0
2011-10-24,1960.0,2010.0,1950.0,1970.0
2011-10-25,1970.0,1980.0,1940.0,1950.0
2011-10-26,1940.0,1940.0,1910.0,1920.0
2011-10-27,1940.0,1970.0,1910.0,1960.0
2011-10-28,1970.0,2000.0,1960.0,1970.0
2011-10-31,1970.0,2020.0,1940.0,1940.0
2011-11-01,1940.0,1950.0,1940.0,1940.0
2011-11-02,1940.0,1940.0,1890.0,1890.0
2011-11-04,1880.0,1910.0,1870.0,1890.0
2011-11-07,1900.0,1920.0,1890.0,1920.0
2011-11-08,1890.0,1920.0,1880.0,1890.0
2011-11-09,1910.0,1910.0,1900.0,1910.0
2011-11-10,1890.0,1890.0,1870.0,1880.0
2011-11-11,1890.0,1910.0,1870.0,1910.0
2011-11-14,1920.0,1920.0,1900.0,1900.0
2011-11-15,1900.0,1920.0,1890.0,1910.0
2011-11-16,1900.0,1910.0,1890.0,1900.0
2011-11-17,1900.0,1900.0,1870.0,1900.0
2011-11-18,1900.0,1900.0,1870.0,1890.0
2011-11-21,1890.0,1890.0,1880.0,1890.0
2011-11-22,1870.0,1920.0,1870.0,1910.0
2011-11-24,1900.0,1900.0,1870.0,1870.0
2011-11-25,1870.0,1960.0,1870.0,1920.0
2011-11-28,1930.0,1960.0,1930.0,1950.0
2011-11-29,1970.0,2050.0,1960.0,2050.0
2011-11-30,2020.0,2050.0,2020.0,2050.0
2011-12-01,2050.0,2050.0,2010.0,2030.0
2011-12-02,2030.0,2040.0,2020.0,2020.0
2011-12-05,2020.0,2050.0,2020.0,2040.0
2011-12-06,2020.0,2040.0,2000.0,2000.0
2011-12-07,2010.0,2050.0,2000.0,2040.0
2011-12-08,2040.0,2050.0,2020.0,2040.0
2011-12-09,2040.0,2100.0,2040.0,2090.0
2011-12-12,2130.0,2130.0,2090.0,2100.0
2011-12-13,2110.0,2110.0,2090.0,2110.0
2011-12-14,2090.0,2110.0,2090.0,2090.0
2011-12-15,2090.0,2100.0,2080.0,2100.0
2011-12-16,2100.0,2110.0,2060.0,2060.0
2011-12-19,2070.0,2070.0,2020.0,2050.0
2011-12-20,2020.0,2070.0,2020.0,2040.0
2011-12-21,2060.0,2090.0,2060.0,2090.0
2011-12-22,2100.0,2100.0,2090.0,2090.0
2011-12-26,2100.0,2100.0,2090.0,2090.0
2011-12-27,2100.0,2100.0,2080.0,2100.0
2011-12-28,2100.0,2100.0,2070.0,2070.0
2011-12-29,2080.0,2080.0,2060.0,2060.0
2011-12-30,2070.0,2070.0,2030.0,2030.0
2012-01-04,2040.0,2110.0,2040.0,2100.0
2012-01-05,2100.0,2110.0,2090.0,2090.0
2012-01-06,2080.0,2090.0,2080.0,2090.0
2012-01-10,2110.0,2140.0,2110.0,2130.0
2012-01-11,2130.0,2130.0,2100.0,2120.0
2012-01-12,2100.0,2110.0,2080.0,2100.0
2012-01-13,2100.0,2130.0,2080.0,2130.0
2012-01-16,2120.0,2130.0,2080.0,2090.0
2012-01-17,2070.0,2100.0,2070.0,2090.0
2012-01-18,2100.0,2110.0,2080.0,2080.0
2012-01-19,2100.0,2100.0,2060.0,2060.0
2012-01-20,2080.0,2120.0,2080.0,2120.0
2012-01-23,2120.0,2130.0,2110.0,2110.0
2012-01-24,2100.0,2120.0,2090.0,2110.0
2012-01-25,2110.0,2130.0,2110.0,2130.0
2012-01-26,2130.0,2140.0,2130.0,2140.0
2012-01-27,2140.0,2150.0,2140.0,2150.0
2012-01-30,2150.0,2150.0,2130.0,2130.0
2012-01-31,2140.0,2150.0,2140.0,2140.0
2012-02-01,2140.0,2140.0,2120.0,2120.0
2012-02-02,2140.0,2150.0,2130.0,2150.0
2012-02-03,2130.0,2150.0,2120.0,2120.0
2012-02-06,2140.0,2150.0,2130.0,2140.0
2012-02-07,2140.0,2160.0,2140.0,2140.0
2012-02-08,2150.0,2150.0,2140.0,2150.0
2012-02-09,2140.0,2160.0,2140.0,2160.0
2012-02-10,2160.0,2170.0,2130.0,2130.0
2012-02-13,2130.0,2160.0,2130.0,2160.0
2012-02-14,2160.0,2180.0,2160.0,2180.0
2012-02-15,2170.0,2200.0,2160.0,2200.0
2012-02-16,2190.0,2190.0,2170.0,2180.0
2012-02-17,2190.0,2200.0,2180.0,2180.0
2012-02-20,2180.0,2220.0,2180.0,2210.0
2012-02-21,2220.0,2220.0,2200.0,2220.0
2012-02-22,2200.0,2220.0,2200.0,2220.0
2012-02-23,2210.0,2240.0,2200.0,2220.0
2012-02-24,2230.0,2240.0,2220.0,2230.0
2012-02-27,2230.0,2230.0,2200.0,2230.0
2012-02-28,2220.0,2230.0,2220.0,2230.0
2012-02-29,2230.0,2240.0,2230.0,2240.0
2012-03-01,2240.0,2250.0,2220.0,2230.0
2012-03-02,2260.0,2260.0,2240.0,2250.0
2012-03-05,2240.0,2250.0,2230.0,2230.0
2012-03-06,2220.0,2250.0,2220.0,2220.0
2012-03-07,2210.0,2250.0,2200.0,2250.0
2012-03-08,2240.0,2250.0,2230.0,2230.0
2012-03-09,2260.0,2270.0,2250.0,2270.0
2012-03-12,2260.0,2270.0,2260.0,2260.0
2012-03-13,2260.0,2280.0,2240.0,2240.0
2012-03-14,2250.0,2280.0,2230.0,2230.0
2012-03-15,2230.0,2260.0,2220.0,2260.0
2012-03-16,2270.0,2270.0,2250.0,2250.0
2012-03-19,2270.0,2270.0,2250.0,2250.0
2012-03-21,2240.0,2250.0,2230.0,2230.0
2012-03-22,2230.0,2260.0,2230.0,2260.0
2012-03-23,2260.0,2270.0,2250.0,2250.0
2012-03-26,2250.0,2250.0,2230.0,2230.0
2012-03-27,2240.0,2310.0,2240.0,2310.0
2012-03-28,2270.0,2270.0,2220.0,2250.0
2012-03-29,2240.0,2270.0,2230.0,2250.0
2012-03-30,2280.0,2280.0,2230.0,2230.0
2012-04-02,2260.0,2270.0,2240.0,2250.0
2012-04-03,2260.0,2280.0,2250.0,2270.0
2012-04-04,2270.0,2270.0,2190.0,2190.0
2012-04-05,2190.0,2200.0,2180.0,2180.0
2012-04-06,2160.0,2160.0,2130.0,2150.0
2012-04-09,2140.0,2150.0,2130.0,2130.0
2012-04-10,2150.0,2150.0,2120.0,2140.0
2012-04-11,2120.0,2140.0,2110.0,2120.0
2012-04-12,2120.0,2120.0,2090.0,2100.0
2012-04-13,2100.0,2110.0,2080.0,2100.0
2012-04-16,2100.0,2130.0,2090.0,2100.0
2012-04-17,2100.0,2130.0,2090.0,2120.0
2012-04-18,2130.0,2170.0,2120.0,2140.0
2012-04-19,2150.0,2150.0,2120.0,2120.0
2012-04-20,2130.0,2130.0,2120.0,2120.0
2012-04-23,2120.0,2130.0,2100.0,2100.0
2012-04-24,2090.0,2120.0,2090.0,2100.0
2012-04-25,2110.0,2190.0,2110.0,2170.0
2012-04-26,2180.0,2210.0,2170.0,2210.0
2012-04-27,2240.0,2250.0,2210.0,2240.0
2012-05-01,2240.0,2240.0,2180.0,2180.0
2012-05-02,2180.0,2180.0,2140.0,2150.0
2012-05-07,2110.0,2140.0,2050.0,2130.0
2012-05-08,2130.0,2200.0,2130.0,2150.0
2012-05-09,2140.0,2150.0,2100.0,2110.0
2012-05-10,2090.0,2100.0,2090.0,2100.0
2012-05-11,2100.0,2100.0,2010.0,2010.0
2012-05-14,2010.0,2040.0,1980.0,2010.0
2012-05-15,2010.0,2010.0,1980.0,1980.0
2012-05-16,1980.0,1980.0,1950.0,1950.0
2012-05-17,1950.0,1960.0,1900.0,1940.0
2012-05-18,1920.0,1930.0,1900.0,1920.0
2012-05-21,1900.0,1970.0,1900.0,1970.0
2012-05-22,1970.0,1980.0,1930.0,1930.0
2012-05-23,1930.0,1950.0,1910.0,1930.0
2012-05-24,1930.0,1960.0,1930.0,1950.0
2012-05-25,1950.0,1970.0,1950.0,1950.0
2012-05-28,1950.0,1960.0,1930.0,1930.0
2012-05-29,1930.0,1940.0,1910.0,1940.0
2012-05-30,1930.0,1950.0,1900.0,1920.0
2012-05-31,1900.0,1920.0,1900.0,1900.0
2012-06-01,1900.0,1900.0,1880.0,1890.0
2012-06-04,1870.0,1890.0,1850.0,1880.0
2012-06-05,1880.0,1890.0,1860.0,1860.0
2012-06-06,1870.0,1920.0,1870.0,1910.0
2012-06-07,1910.0,1910.0,1910.0,1910.0
2012-06-08,1940.0,1940.0,1900.0,1940.0
2012-06-11,1970.0,1970.0,1950.0,1950.0
2012-06-12,1940.0,1940.0,1900.0,1920.0
2012-06-13,1910.0,1920.0,1890.0,1890.0
2012-06-14,1890.0,1900.0,1870.0,1880.0
2012-06-15,1890.0,1950.0,1870.0,1950.0
2012-06-18,1910.0,1930.0,1910.0,1910.0
2012-06-19,1930.0,1940.0,1910.0,1910.0
2012-06-20,1930.0,1940.0,1920.0,1930.0
2012-06-21,1930.0,1970.0,1930.0,1970.0
2012-06-22,1970.0,1970.0,1950.0,1950.0
2012-06-25,1960.0,1970.0,1950.0,1950.0
2012-06-26,1950.0,1990.0,1950.0,1960.0
2012-06-27,1980.0,1980.0,1960.0,1980.0
2012-06-28,1990.0,2060.0,1990.0,2060.0
2012-06-29,2060.0,2090.0,2060.0,2090.0
2012-07-02,2110.0,2110.0,2090.0,2090.0
2012-07-03,2100.0,2150.0,2100.0,2150.0
2012-07-04,2160.0,2190.0,2160.0,2190.0
2012-07-05,2190.0,2200.0,2180.0,2180.0
2012-07-06,2170.0,2190.0,2150.0,2160.0
2012-07-09,2160.0,2210.0,2160.0,2190.0
2012-07-10,2240.0,2240.0,2170.0,2180.0
2012-07-11,2150.0,2160.0,2130.0,2140.0
2012-07-12,2150.0,2150.0,2100.0,2100.0
2012-07-13,2120.0,2140.0,2100.0,2120.0
2012-07-17,2090.0,2100.0,2080.0,2080.0
2012-07-18,2090.0,2100.0,2070.0,2100.0
2012-07-19,2130.0,2160.0,2130.0,2150.0
2012-07-20,2160.0,2160.0,2060.0,2080.0
2012-07-23,2070.0,2100.0,2060.0,2060.0
2012-07-24,2040.0,2050.0,2000.0,2020.0
2012-07-25,2030.0,2060.0,2030.0,2040.0
2012-07-26,2040.0,2090.0,2030.0,2090.0
2012-07-27,2150.0,2180.0,2130.0,2140.0
2012-07-30,2140.0,2150.0,2140.0,2150.0
2012-07-31,2100.0,2110.0,2070.0,2100.0
2012-08-01,2100.0,2110.0,2100.0,2100.0
2012-08-02,2090.0,2130.0,2090.0,2120.0
2012-08-03,2090.0,2100.0,2050.0,2050.0
2012-08-06,2080.0,2130.0,2080.0,2100.0
2012-08-07,2120.0,2170.0,2110.0,2170.0
2012-08-08,2170.0,2190.0,2170.0,2190.0
2012-08-09,2180.0,2210.0,2180.0,2190.0
2012-08-10,2200.0,2210.0,2160.0,2170.0
2012-08-13,2180.0,2180.0,2150.0,2160.0
2012-08-14,2170.0,2230.0,2170.0,2190.0
2012-08-15,2220.0,2220.0,2180.0,2200.0
2012-08-16,2210.0,2250.0,2210.0,2230.0
2012-08-17,2250.0,2250.0,2220.0,2220.0
2012-08-20,2230.0,2240.0,2220.0,2230.0
2012-08-21,2210.0,2250.0,2210.0,2240.0
2012-08-22,2240.0,2250.0,2240.0,2250.0
2012-08-23,2240.0,2250.0,2230.0,2240.0
2012-08-24,2250.0,2260.0,2230.0,2230.0
2012-08-27,2240.0,2240.0,2220.0,2220.0
2012-08-28,2220.0,2220.0,2190.0,2200.0
2012-08-29,2200.0,2210.0,2190.0,2200.0
2012-08-30,2170.0,2170.0,2140.0,2160.0
2012-08-31,2150.0,2200.0,2150.0,2170.0
2012-09-03,2170.0,2190.0,2130.0,2130.0
2012-09-04,2130.0,2150.0,2090.0,2100.0
2012-09-05,2080.0,2110.0,2080.0,2100.0
2012-09-06,2110.0,2120.0,2090.0,2120.0
2012-09-07,2150.0,2170.0,2120.0,2160.0
2012-09-10,2170.0,2180.0,2160.0,2170.0
2012-09-11,2160.0,2200.0,2150.0,2200.0
2012-09-12,2190.0,2240.0,2190.0,2230.0
2012-09-13,2240.0,2260.0,2230.0,2260.0
2012-09-14,2280.0,2280.0,2250.0,2280.0
2012-09-18,2260.0,2290.0,2250.0,2290.0
2012-09-19,2300.0,2300.0,2290.0,2300.0
2012-09-20,2280.0,2290.0,2280.0,2280.0
2012-09-21,2280.0,2310.0,2270.0,2310.0
2012-09-24,2300.0,2300.0,2270.0,2290.0
2012-09-25,2290.0,2320.0,2290.0,2320.0
2012-09-26,2300.0,2320.0,2290.0,2300.0
2012-09-27,2300.0,2300.0,2290.0,2300.0
2012-09-28,2300.0,2300.0,2220.0,2220.0
2012-10-01,2220.0,2250.0,2220.0,2250.0
2012-10-02,2260.0,2260.0,2230.0,2230.0
2012-10-03,2220.0,2220.0,2180.0,2180.0
2012-10-04,2180.0,2200.0,2180.0,2190.0
2012-10-05,2200.0,2200.0,2190.0,2200.0
2012-10-09,2190.0,2200.0,2050.0,2130.0
2012-10-10,2120.0,2130.0,2110.0,2110.0
2012-10-11,2110.0,2120.0,2100.0,2100.0
2012-10-12,2060.0,2130.0,2060.0,2090.0
2012-10-15,2100.0,2100.0,2070.0,2090.0
2012-10-16,2090.0,2100.0,2080.0,2090.0
2012-10-17,2100.0,2150.0,2100.0,2140.0
2012-10-18,2160.0,2180.0,2160.0,2180.0
2012-10-19,2190.0,2190.0,2170.0,2190.0
2012-10-22,2200.0,2200.0,2150.0,2170.0
2012-10-23,2170.0,2170.0,2120.0,2120.0
2012-10-24,2110.0,2140.0,2110.0,2120.0
2012-10-25,2120.0,2140.0,2120.0,2140.0
2012-10-26,2140.0,2150.0,2120.0,2150.0
2012-10-29,2140.0,2150.0,2120.0,2130.0
2012-10-30,2120.0,2130.0,2080.0,2080.0
2012-10-31,2080.0,2130.0,2070.0,2100.0
2012-11-01,2100.0,2100.0,2070.0,2100.0
2012-11-02,2080.0,2100.0,2080.0,2100.0
2012-11-05,2080.0,2080.0,2070.0,2070.0
2012-11-06,2070.0,2090.0,2050.0,2080.0
2012-11-07,2100.0,2110.0,2080.0,2110.0
2012-11-08,2070.0,2080.0,2060.0,2060.0
2012-11-09,2050.0,2060.0,2030.0,2030.0
2012-11-12,2030.0,2030.0,1990.0,1990.0
2012-11-13,1990.0,2010.0,1990.0,2000.0
2012-11-14,2020.0,2020.0,1990.0,1990.0
2012-11-15,2000.0,2020.0,2000.0,2010.0
2012-11-16,2020.0,2080.0,2020.0,2060.0
2012-11-19,2080.0,2130.0,2080.0,2120.0
2012-11-20,2140.0,2170.0,2100.0,2170.0
2012-11-21,2160.0,2170.0,2140.0,2160.0
2012-11-22,2180.0,2190.0,2160.0,2160.0
2012-11-26,2190.0,2210.0,2170.0,2180.0
2012-11-27,2200.0,2240.0,2190.0,2240.0
2012-11-28,2230.0,2240.0,2200.0,2210.0
2012-11-29,2210.0,2230.0,2150.0,2180.0
2012-11-30,2180.0,2210.0,2180.0,2190.0
2012-12-03,2200.0,2200.0,2150.0,2160.0
2012-12-04,2200.0,2200.0,2150.0,2170.0
2012-12-05,2170.0,2200.0,2160.0,2180.0
2012-12-06,2180.0,2210.0,2180.0,2200.0
2012-12-07,2180.0,2240.0,2170.0,2220.0
2012-12-10,2190.0,2190.0,2170.0,2180.0
2012-12-11,2170.0,2180.0,2160.0,2180.0
2012-12-12,2200.0,2220.0,2200.0,2210.0
2012-12-13,2230.0,2230.0,2170.0,2180.0
2012-12-14,2150.0,2210.0,2150.0,2170.0
2012-12-17,2210.0,2230.0,2180.0,2190.0
2012-12-18,2210.0,2210.0,2170.0,2170.0
2012-12-19,2190.0,2220.0,2180.0,2220.0
2012-12-20,2220.0,2250.0,2200.0,2220.0
2012-12-21,2240.0,2260.0,2200.0,2250.0
2012-12-25,2260.0,2270.0,2250.0,2260.0
2012-12-26,2260.0,2280.0,2240.0,2270.0
2012-12-27,2270.0,2270.0,2230.0,2230.0
2012-12-28,2230.0,2230.0,2200.0,2200.0
2013-01-04,2240.0,2250.0,2210.0,2230.0
2013-01-07,2230.0,2240.0,2180.0,2200.0
2013-01-08,2210.0,2210.0,2180.0,2190.0
2013-01-09,2180.0,2230.0,2160.0,2220.0
2013-01-10,2210.0,2240.0,2190.0,2240.0
2013-01-11,2250.0,2250.0,2200.0,2230.0
2013-01-15,2240.0,2250.0,2210.0,2210.0
2013-01-16,2220.0,2230.0,2180.0,2180.0
2013-01-17,2190.0,2200.0,2170.0,2180.0
2013-01-18,2210.0,2210.0,2190.0,2200.0
2013-01-21,2200.0,2210.0,2180.0,2190.0
2013-01-22,2200.0,2210.0,2180.0,2180.0
2013-01-23,2170.0,2190.0,2170.0,2190.0
2013-01-24,2190.0,2200.0,2180.0,2190.0
2013-01-25,2200.0,2220.0,2190.0,2200.0
2013-01-28,2210.0,2220.0,2200.0,2200.0
2013-01-29,2220.0,2220.0,2200.0,2200.0
2013-01-30,2200.0,2210.0,2190.0,2200.0
2013-01-31,2210.0,2220.0,2180.0,2190.0
2013-02-01,2190.0,2210.0,2190.0,2190.0
2013-02-04,2190.0,2190.0,2180.0,2180.0
2013-02-05,2170.0,2170.0,2160.0,2160.0
2013-02-06,2170.0,2180.0,2130.0,2140.0
2013-02-07,2130.0,2140.0,2120.0,2120.0
2013-02-08,2120.0,2120.0,2100.0,2110.0
2013-02-12,2130.0,2140.0,2110.0,2120.0
2013-02-13,2130.0,2140.0,2100.0,2120.0
2013-02-14,2110.0,2120.0,2080.0,2080.0
2013-02-15,2080.0,2090.0,2060.0,2070.0
2013-02-18,2050.0,2090.0,2050.0,2080.0
2013-02-19,2080.0,2080.0,2060.0,2070.0
2013-02-20,2080.0,2130.0,2080.0,2130.0
2013-02-21,2140.0,2160.0,2130.0,2140.0
2013-02-22,2110.0,2150.0,2110.0,2140.0
2013-02-25,2160.0,2160.0,2140.0,2150.0
2013-02-26,2150.0,2150.0,2110.0,2110.0
2013-02-27,2130.0,2130.0,2100.0,2100.0
2013-02-28,2110.0,2140.0,2110.0,2140.0
2013-03-01,2140.0,2160.0,2140.0,2150.0
2013-03-04,2150.0,2160.0,2140.0,2140.0
2013-03-05,2140.0,2150.0,2130.0,2130.0
2013-03-06,2160.0,2160.0,2150.0,2150.0
2013-03-07,2160.0,2180.0,2160.0,2170.0
2013-03-08,2160.0,2180.0,2160.0,2170.0
2013-03-11,2190.0,2190.0,2170.0,2180.0
2013-03-12,2180.0,2200.0,2180.0,2180.0
2013-03-13,2180.0,2190.0,2160.0,2160.0
2013-03-14,2170.0,2170.0,2140.0,2150.0
2013-03-15,2160.0,2170.0,2150.0,2170.0
2013-03-18,2180.0,2180.0,2150.0,2150.0
2013-03-19,2170.0,2180.0,2160.0,2160.0
2013-03-21,2180.0,2230.0,2180.0,2220.0
2013-03-22,2210.0,2270.0,2200.0,2200.0
2013-03-25,2210.0,2220.0,2200.0,2200.0
2013-03-26,2220.0,2220.0,2210.0,2210.0
2013-03-27,2210.0,2210.0,2190.0,2190.0
2013-03-28,2190.0,2220.0,2190.0,2200.0
2013-03-29,2210.0,2210.0,2160.0,2160.0
2013-04-01,2170.0,2180.0,2120.0,2120.0
2013-04-02,2130.0,2130.0,2080.0,2080.0
2013-04-03,2090.0,2170.0,2090.0,2170.0
2013-04-04,2150.0,2180.0,2120.0,2180.0
2013-04-05,2180.0,2240.0,2180.0,2230.0
2013-04-08,2240.0,2250.0,2190.0,2230.0
2013-04-09,2230.0,2240.0,2210.0,2240.0
2013-04-10,2220.0,2250.0,2220.0,2250.0
2013-04-11,2250.0,2270.0,2220.0,2250.0
2013-04-12,2230.0,2300.0,2230.0,2290.0
2013-04-15,2290.0,2340.0,2280.0,2300.0
2013-04-16,2260.0,2300.0,2230.0,2240.0
2013-04-17,2270.0,2290.0,2250.0,2260.0
2013-04-18,2270.0,2280.0,2240.0,2260.0
2013-04-19,2260.0,2290.0,2240.0,2250.0
2013-04-22,2250.0,2320.0,2250.0,2260.0
2013-04-23,2340.0,2350.0,2320.0,2330.0
2013-04-24,2340.0,2340.0,2300.0,2340.0
2013-04-25,2340.0,2360.0,2340.0,2360.0
2013-04-26,2360.0,2400.0,2290.0,2310.0
2013-04-30,2330.0,2370.0,2330.0,2370.0
2013-05-01,2370.0,2370.0,2330.0,2330.0
2013-05-02,2330.0,2390.0,2330.0,2380.0
2013-05-07,2400.0,2470.0,2400.0,2470.0
2013-05-08,2420.0,2450.0,2420.0,2420.0
2013-05-09,2420.0,2420.0,2400.0,2400.0
2013-05-10,2450.0,2450.0,2420.0,2440.0
2013-05-13,2440.0,2440.0,2410.0,2420.0
2013-05-14,2430.0,2450.0,2420.0,2420.0
2013-05-15,2430.0,2450.0,2420.0,2440.0
2013-05-16,2450.0,2460.0,2420.0,2450.0
2013-05-17,2450.0,2470.0,2440.0,2450.0
2013-05-20,2470.0,2480.0,2440.0,2440.0
2013-05-21,2440.0,2450.0,2420.0,2420.0
2013-05-22,2420.0,2450.0,2420.0,2430.0
2013-05-23,2430.0,2450.0,2330.0,2330.0
2013-05-24,2340.0,2390.0,2330.0,2350.0
2013-05-27,2350.0,2350.0,2280.0,2280.0
2013-05-28,2270.0,2310.0,2230.0,2230.0
2013-05-29,2270.0,2300.0,2250.0,2260.0
2013-05-30,2250.0,2260.0,2220.0,2220.0
2013-05-31,2230.0,2270.0,2230.0,2250.0
2013-06-03,2250.0,2250.0,2200.0,2200.0
2013-06-04,2200.0,2240.0,2180.0,2220.0
2013-06-05,2250.0,2270.0,2210.0,2210.0
2013-06-06,2200.0,2220.0,2190.0,2200.0
2013-06-07,2190.0,2210.0,2120.0,2160.0
2013-06-10,2230.0,2280.0,2150.0,2240.0
2013-06-11,2230.0,2230.0,2210.0,2210.0
2013-06-12,2200.0,2230.0,2200.0,2210.0
2013-06-13,2190.0,2230.0,2170.0,2190.0
2013-06-14,2230.0,2250.0,2190.0,2190.0
2013-06-17,2190.0,2220.0,2190.0,2210.0
2013-06-18,2220.0,2220.0,2200.0,2200.0
2013-06-19,2230.0,2240.0,2210.0,2230.0
2013-06-20,2200.0,2230.0,2200.0,2200.0
2013-06-21,2180.0,2300.0,2180.0,2300.0
2013-06-24,2310.0,2360.0,2290.0,2350.0
2013-06-25,2350.0,2370.0,2320.0,2320.0
2013-06-26,2330.0,2340.0,2290.0,2290.0
2013-06-27,2300.0,2340.0,2290.0,2340.0
2013-06-28,2340.0,2390.0,2340.0,2390.0
2013-07-01,2400.0,2400.0,2390.0,2400.0
2013-07-02,2410.0,2430.0,2400.0,2430.0
2013-07-03,2430.0,2430.0,2340.0,2400.0
2013-07-04,2400.0,2430.0,2400.0,2400.0
2013-07-05,2410.0,2430.0,2400.0,2430.0
2013-07-08,2450.0,2460.0,2440.0,2440.0
2013-07-09,2440.0,2460.0,2440.0,2460.0
2013-07-10,2470.0,2470.0,2450.0,2460.0
2013-07-11,2460.0,2480.0,2450.0,2450.0
2013-07-12,2440.0,2470.0,2440.0,2470.0
2013-07-16,2460.0,2460.0,2430.0,2430.0
2013-07-17,2430.0,2460.0,2420.0,2450.0
2013-07-18,2430.0,2440.0,2420.0,2420.0
2013-07-19,2440.0,2450.0,2420.0,2430.0
2013-07-22,2450.0,2480.0,2430.0,2470.0
2013-07-23,2440.0,2480.0,2440.0,2480.0
2013-07-24,2480.0,2490.0,2450.0,2490.0
2013-07-25,2490.0,2490.0,2450.0,2450.0
2013-07-26,2410.0,2420.0,2390.0,2390.0
2013-07-29,2380.0,2380.0,2330.0,2330.0
2013-07-30,2330.0,2380.0,2320.0,2360.0
2013-07-31,2320.0,2350.0,2300.0,2300.0
2013-08-01,2310.0,2370.0,2310.0,2370.0
2013-08-02,2400.0,2440.0,2370.0,2440.0
2013-08-05,2440.0,2440.0,2400.0,2420.0
2013-08-06,2420.0,2440.0,2380.0,2440.0
2013-08-07,2410.0,2420.0,2390.0,2390.0
2013-08-08,2380.0,2420.0,2380.0,2390.0
2013-08-09,2400.0,2400.0,2370.0,2380.0
2013-08-12,2390.0,2400.0,2370.0,2370.0
2013-08-13,2380.0,2430.0,2380.0,2420.0
2013-08-14,2420.0,2420.0,2300.0,2420.0
2013-08-15,2420.0,2430.0,2410.0,2420.0
2013-08-16,2400.0,2410.0,2390.0,2400.0
2013-08-19,2400.0,2420.0,2390.0,2400.0
2013-08-20,2380.0,2410.0,2380.0,2390.0
2013-08-21,2390.0,2440.0,2390.0,2430.0
2013-08-22,2430.0,2430.0,2400.0,2420.0
2013-08-23,2420.0,2430.0,2400.0,2420.0
2013-08-26,2420.0,2420.0,2400.0,2410.0
2013-08-27,2410.0,2420.0,2400.0,2410.0
2013-08-28,2380.0,2420.0,2380.0,2400.0
2013-08-29,2400.0,2420.0,2390.0,2410.0
2013-08-30,2410.0,2420.0,2400.0,2400.0
2013-09-02,2400.0,2420.0,2400.0,2410.0
2013-09-03,2430.0,2440.0,2430.0,2440.0
2013-09-04,2440.0,2440.0,2420.0,2440.0
2013-09-05,2440.0,2440.0,2420.0,2440.0
2013-09-06,2440.0,2440.0,2430.0,2440.0
2013-09-09,2450.0,2470.0,2440.0,2470.0
2013-09-10,2480.0,2480.0,2450.0,2470.0
2013-09-11,2470.0,2480.0,2460.0,2480.0
2013-09-12,2480.0,2480.0,2470.0,2480.0
2013-09-13,2450.0,2480.0,2450.0,2470.0
2013-09-17,2470.0,2470.0,2440.0,2440.0
2013-09-18,2440.0,2450.0,2440.0,2450.0
2013-09-19,2450.0,2470.0,2440.0,2470.0
2013-09-20,2480.0,2490.0,2460.0,2480.0
2013-09-24,2470.0,2470.0,2450.0,2470.0
2013-09-25,2470.0,2490.0,2440.0,2470.0
2013-09-26,2480.0,2480.0,2430.0,2460.0
2013-09-27,2450.0,2460.0,2450.0,2460.0
2013-09-30,2440.0,2440.0,2390.0,2390.0
2013-10-01,2400.0,2420.0,2390.0,2400.0
2013-10-02,2410.0,2420.0,2400.0,2410.0
2013-10-03,2420.0,2430.0,2410.0,2410.0
2013-10-04,2410.0,2430.0,2410.0,2420.0
2013-10-07,2410.0,2420.0,2410.0,2420.0
2013-10-08,2410.0,2430.0,2410.0,2420.0
2013-10-09,2410.0,2420.0,2400.0,2420.0
2013-10-10,2430.0,2440.0,2420.0,2440.0
2013-10-11,2450.0,2480.0,2410.0,2450.0
2013-10-15,2440.0,2450.0,2430.0,2450.0
2013-10-16,2450.0,2470.0,2450.0,2450.0
2013-10-17,2460.0,2470.0,2450.0,2460.0
2013-10-18,2460.0,2460.0,2420.0,2420.0
2013-10-21,2420.0,2430.0,2400.0,2430.0
2013-10-22,2440.0,2470.0,2420.0,2470.0
2013-10-23,2470.0,2480.0,2430.0,2440.0
2013-10-24,2450.0,2500.0,2440.0,2500.0
2013-10-25,2500.0,2500.0,2420.0,2430.0
2013-10-28,2440.0,2450.0,2420.0,2450.0
2013-10-29,2450.0,2450.0,2400.0,2400.0
2013-10-30,2410.0,2470.0,2410.0,2460.0
2013-10-31,2460.0,2490.0,2430.0,2440.0
2013-11-01,2450.0,2450.0,2410.0,2420.0
2013-11-05,2440.0,2440.0,2400.0,2420.0
2013-11-06,2420.0,2430.0,2410.0,2430.0
2013-11-07,2430.0,2430.0,2410.0,2410.0
2013-11-08,2400.0,2420.0,2400.0,2410.0
2013-11-11,2410.0,2410.0,2380.0,2400.0
2013-11-12,2400.0,2450.0,2400.0,2450.0
2013-11-13,2450.0,2450.0,2430.0,2440.0
2013-11-14,2450.0,2450.0,2430.0,2450.0
2013-11-15,2450.0,2470.0,2440.0,2470.0
2013-11-18,2470.0,2470.0,2450.0,2450.0
2013-11-19,2450.0,2470.0,2450.0,2450.0
2013-11-20,2460.0,2460.0,2440.0,2450.0
2013-11-21,2460.0,2470.0,2450.0,2470.0
2013-11-22,2460.0,2480.0,2450.0,2470.0
2013-11-25,2470.0,2490.0,2470.0,2490.0
2013-11-26,2480.0,2500.0,2480.0,2500.0
2013-11-27,2490.0,2500.0,2470.0,2490.0
2013-11-28,2480.0,2490.0,2470.0,2480.0
2013-11-29,2490.0,2490.0,2470.0,2480.0
2013-12-02,2480.0,2510.0,2480.0,2500.0
2013-12-03,2520.0,2520.0,2490.0,2500.0
2013-12-04,2490.0,2500.0,2470.0,2480.0
2013-12-05,2480.0,2480.0,2440.0,2440.0
2013-12-06,2440.0,2460.0,2440.0,2440.0
2013-12-09,2450.0,2470.0,2450.0,2460.0
2013-12-10,2480.0,2490.0,2470.0,2490.0
2013-12-11,2490.0,2490.0,2470.0,2480.0
2013-12-12,2470.0,2480.0,2450.0,2470.0
2013-12-13,2450.0,2470.0,2440.0,2440.0
2013-12-16,2450.0,2460.0,2420.0,2420.0
2013-12-17,2420.0,2440.0,2400.0,2420.0
2013-12-18,2420.0,2440.0,2410.0,2440.0
2013-12-19,2440.0,2440.0,2420.0,2440.0
2013-12-20,2440.0,2440.0,2420.0,2430.0
2013-12-24,2440.0,2450.0,2400.0,2420.0
2013-12-25,2420.0,2450.0,2400.0,2430.0
2013-12-26,2420.0,2470.0,2420.0,2460.0
2013-12-27,2470.0,2480.0,2440.0,2480.0
2013-12-30,2470.0,2490.0,2450.0,2470.0
2014-01-06,2490.0,2530.0,2470.0,2500.0
2014-01-07,2510.0,2510.0,2480.0,2480.0
2014-01-08,2490.0,2500.0,2480.0,2500.0
2014-01-09,2490.0,2490.0,2470.0,2480.0
2014-01-10,2480.0,2480.0,2460.0,2460.0
2014-01-14,2470.0,2470.0,2430.0,2430.0
2014-01-15,2420.0,2460.0,2420.0,2460.0
2014-01-16,2460.0,2490.0,2460.0,2480.0
2014-01-17,2480.0,2480.0,2450.0,2460.0
2014-01-20,2480.0,2480.0,2450.0,2460.0
2014-01-21,2470.0,2490.0,2470.0,2490.0
2014-01-22,2490.0,2520.0,2470.0,2510.0
2014-01-23,2510.0,2510.0,2470.0,2470.0
2014-01-24,2470.0,2470.0,2420.0,2420.0
2014-01-27,2410.0,2420.0,2380.0,2380.0
2014-01-28,2400.0,2430.0,2380.0,2380.0
2014-01-29,2390.0,2420.0,2390.0,2420.0
2014-01-30,2400.0,2410.0,2360.0,2400.0
2014-01-31,2400.0,2420.0,2390.0,2420.0
2014-02-03,2420.0,2420.0,2380.0,2380.0
2014-02-04,2360.0,2370.0,2270.0,2280.0
2014-02-05,2290.0,2310.0,2270.0,2270.0
2014-02-06,2280.0,2290.0,2270.0,2270.0
2014-02-07,2290.0,2310.0,2280.0,2300.0
2014-02-10,2340.0,2340.0,2310.0,2320.0
2014-02-12,2340.0,2360.0,2340.0,2360.0
2014-02-13,2360.0,2370.0,2350.0,2350.0
2014-02-14,2350.0,2360.0,2300.0,2300.0
2014-02-17,2310.0,2320.0,2260.0,2280.0
2014-02-18,2280.0,2340.0,2280.0,2340.0
2014-02-19,2350.0,2350.0,2320.0,2320.0
2014-02-20,2330.0,2340.0,2310.0,2310.0
2014-02-21,2340.0,2410.0,2340.0,2390.0
2014-02-24,2400.0,2430.0,2390.0,2430.0
2014-02-25,2430.0,2450.0,2420.0,2450.0
2014-02-26,2420.0,2450.0,2420.0,2440.0
2014-02-27,2440.0,2450.0,2420.0,2430.0
2014-02-28,2440.0,2440.0,2410.0,2430.0
2014-03-03,2430.0,2430.0,2410.0,2430.0
2014-03-04,2430.0,2460.0,2420.0,2460.0
2014-03-05,2460.0,2470.0,2450.0,2460.0
2014-03-06,2460.0,2490.0,2450.0,2490.0
2014-03-07,2500.0,2590.0,2490.0,2540.0
2014-03-10,2550.0,2550.0,2500.0,2510.0
2014-03-11,2510.0,2560.0,2490.0,2560.0
2014-03-12,2530.0,2540.0,2490.0,2490.0
2014-03-13,2480.0,2530.0,2480.0,2490.0
2014-03-14,2460.0,2490.0,2450.0,2450.0
2014-03-17,2460.0,2490.0,2430.0,2450.0
2014-03-18,2460.0,2460.0,2430.0,2440.0
2014-03-19,2460.0,2470.0,2440.0,2440.0
2014-03-20,2450.0,2450.0,2380.0,2420.0
2014-03-24,2410.0,2550.0,2410.0,2530.0
2014-03-25,2540.0,2630.0,2540.0,2610.0
2014-03-26,2630.0,2680.0,2610.0,2640.0
2014-03-27,2550.0,2630.0,2530.0,2620.0
2014-03-28,2600.0,2630.0,2550.0,2600.0
2014-03-31,2610.0,2630.0,2560.0,2610.0
2014-04-01,2590.0,2650.0,2570.0,2630.0
2014-04-02,2630.0,2670.0,2620.0,2640.0
2014-04-03,2640.0,2670.0,2630.0,2650.0
2014-04-04,2650.0,2670.0,2610.0,2630.0
2014-04-07,2610.0,2620.0,2570.0,2570.0
2014-04-08,2560.0,2560.0,2450.0,2450.0
2014-04-09,2440.0,2450.0,2390.0,2390.0
2014-04-10,2410.0,2440.0,2380.0,2380.0
2014-04-11,2370.0,2390.0,2360.0,2360.0
2014-04-14,2350.0,2400.0,2350.0,2360.0
2014-04-15,2370.0,2380.0,2350.0,2360.0
2014-04-16,2360.0,2410.0,2360.0,2410.0
2014-04-17,2400.0,2430.0,2390.0,2400.0
2014-04-18,2420.0,2420.0,2360.0,2380.0
2014-04-21,2380.0,2390.0,2370.0,2390.0
2014-04-22,2390.0,2400.0,2380.0,2380.0
2014-04-23,2390.0,2400.0,2380.0,2390.0
2014-04-24,2390.0,2410.0,2390.0,2390.0
2014-04-25,2390.0,2440.0,2370.0,2420.0
2014-04-28,2410.0,2420.0,2400.0,2420.0
2014-04-30,2430.0,2580.0,2430.0,2560.0
2014-05-01,2550.0,2590.0,2530.0,2590.0
2014-05-02,2580.0,2580.0,2530.0,2560.0
2014-05-07,2540.0,2540.0,2450.0,2470.0
2014-05-08,2470.0,2500.0,2460.0,2480.0
2014-05-09,2480.0,2530.0,2480.0,2520.0
2014-05-12,2540.0,2550.0,2500.0,2500.0
2014-05-13,2550.0,2550.0,2530.0,2550.0
2014-05-14,2550.0,2550.0,2520.0,2530.0
2014-05-15,2500.0,2500.0,2450.0,2460.0
2014-05-16,2440.0,2450.0,2400.0,2400.0
2014-05-19,2410.0,2420.0,2400.0,2400.0
2014-05-20,2420.0,2420.0,2380.0,2390.0
2014-05-21,2400.0,2410.0,2400.0,2400.0
2014-05-22,2430.0,2460.0,2410.0,2450.0
2014-05-23,2460.0,2530.0,2460.0,2520.0
2014-05-26,2520.0,2550.0,2500.0,2550.0
2014-05-27,2540.0,2550.0,2530.0,2540.0
2014-05-28,2540.0,2550.0,2510.0,2540.0
2014-05-29,2530.0,2540.0,2520.0,2530.0
2014-05-30,2530.0,2540.0,2510.0,2520.0
2014-06-02,2520.0,2550.0,2520.0,2540.0
2014-06-03,2550.0,2590.0,2550.0,2560.0
2014-06-04,2540.0,2560.0,2540.0,2550.0
2014-06-05,2550.0,2560.0,2530.0,2550.0
2014-06-06,2540.0,2560.0,2540.0,2540.0
2014-06-09,2550.0,2550.0,2500.0,2500.0
2014-06-10,2510.0,2520.0,2500.0,2510.0
2014-06-11,2510.0,2550.0,2500.0,2530.0
2014-06-12,2530.0,2530.0,2510.0,2520.0
2014-06-13,2490.0,2540.0,2490.0,2530.0
2014-06-16,2530.0,2540.0,2500.0,2500.0
2014-06-17,2510.0,2560.0,2510.0,2560.0
2014-06-18,2560.0,2570.0,2530.0,2570.0
2014-06-19,2580.0,2640.0,2570.0,2610.0
2014-06-20,2610.0,2620.0,2570.0,2570.0
2014-06-23,2580.0,2590.0,2560.0,2560.0
2014-06-24,2570.0,2620.0,2570.0,2590.0
2014-06-25,2590.0,2590.0,2560.0,2560.0
2014-06-26,2580.0,2610.0,2580.0,2580.0
2014-06-27,2590.0,2620.0,2570.0,2610.0
2014-06-30,2610.0,2670.0,2590.0,2660.0
2014-07-01,2660.0,2690.0,2630.0,2670.0
2014-07-02,2680.0,2720.0,2670.0,2700.0
2014-07-03,2690.0,2720.0,2690.0,2710.0
2014-07-04,2720.0,2720.0,2680.0,2710.0
2014-07-07,2700.0,2710.0,2690.0,2710.0
2014-07-08,2700.0,2700.0,2670.0,2690.0
2014-07-09,2670.0,2670.0,2610.0,2640.0
2014-07-10,2640.0,2660.0,2620.0,2620.0
2014-07-11,2600.0,2620.0,2570.0,2620.0
2014-07-14,2580.0,2610.0,2580.0,2600.0
2014-07-15,2600.0,2620.0,2600.0,2610.0
2014-07-16,2590.0,2620.0,2590.0,2590.0
2014-07-17,2630.0,2690.0,2630.0,2690.0
2014-07-18,2670.0,2670.0,2640.0,2640.0
2014-07-22,2650.0,2690.0,2650.0,2690.0
2014-07-23,2690.0,2690.0,2670.0,2680.0
2014-07-24,2680.0,2690.0,2670.0,2690.0
2014-07-25,2690.0,2700.0,2680.0,2680.0
2014-07-28,2680.0,2680.0,2620.0,2630.0
2014-07-29,2640.0,2660.0,2630.0,2650.0
2014-07-30,2620.0,2640.0,2610.0,2610.0
2014-07-31,2610.0,2620.0,2610.0,2610.0
2014-08-01,2610.0,2620.0,2590.0,2590.0
2014-08-04,2580.0,2600.0,2560.0,2560.0
2014-08-05,2560.0,2570.0,2540.0,2540.0
2014-08-06,2540.0,2550.0,2510.0,2510.0
2014-08-07,2500.0,2550.0,2500.0,2550.0
2014-08-08,2530.0,2560.0,2520.0,2530.0
2014-08-11,2550.0,2550.0,2510.0,2540.0
2014-08-12,2540.0,2550.0,2530.0,2540.0
2014-08-13,2540.0,2580.0,2540.0,2570.0
2014-08-14,2570.0,2610.0,2570.0,2610.0
2014-08-15,2610.0,2610.0,2580.0,2600.0
2014-08-18,2590.0,2600.0,2590.0,2600.0
2014-08-19,2610.0,2620.0,2600.0,2620.0
2014-08-20,2640.0,2650.0,2630.0,2630.0
2014-08-21,2630.0,2670.0,2630.0,2660.0
2014-08-22,2670.0,2680.0,2660.0,2670.0
2014-08-25,2670.0,2680.0,2650.0,2660.0
2014-08-26,2690.0,2700.0,2680.0,2680.0
2014-08-27,2670.0,2690.0,2670.0,2690.0
2014-08-28,2670.0,2680.0,2660.0,2680.0
2014-08-29,2660.0,2670.0,2640.0,2650.0
2014-09-01,2650.0,2680.0,2650.0,2680.0
2014-09-02,2680.0,2690.0,2660.0,2690.0
2014-09-03,2700.0,2700.0,2660.0,2680.0
2014-09-04,2690.0,2700.0,2680.0,2680.0
2014-09-05,2690.0,2690.0,2660.0,2660.0
2014-09-08,2690.0,2700.0,2680.0,2680.0
2014-09-09,2700.0,2700.0,2670.0,2690.0
2014-09-10,2690.0,2700.0,2670.0,2700.0
2014-09-11,2680.0,2690.0,2680.0,2690.0
2014-09-12,2670.0,2680.0,2670.0,2670.0
2014-09-16,2670.0,2670.0,2660.0,2660.0
2014-09-17,2660.0,2670.0,2640.0,2640.0
2014-09-18,2670.0,2700.0,2660.0,2700.0
2014-09-19,2700.0,2740.0,2690.0,2740.0
2014-09-22,2750.0,2750.0,2710.0,2720.0
2014-09-24,2700.0,2710.0,2680.0,2690.0
2014-09-25,2700.0,2730.0,2670.0,2730.0
2014-09-26,2680.0,2700.0,2670.0,2680.0
2014-09-29,2690.0,2690.0,2620.0,2640.0
2014-09-30,2640.0,2650.0,2610.0,2610.0
2014-10-01,2620.0,2680.0,2620.0,2670.0
2014-10-02,2670.0,2670.0,2570.0,2570.0
2014-10-03,2580.0,2600.0,2570.0,2570.0
2014-10-06,2590.0,2610.0,2580.0,2600.0
2014-10-07,2580.0,2610.0,2580.0,2590.0
2014-10-08,2570.0,2610.0,2570.0,2580.0
2014-10-09,2600.0,2600.0,2550.0,2560.0
2014-10-10,2550.0,2560.0,2530.0,2530.0
2014-10-14,2500.0,2550.0,2490.0,2500.0
2014-10-15,2510.0,2530.0,2510.0,2530.0
2014-10-16,2500.0,2520.0,2470.0,2480.0
2014-10-17,2490.0,2490.0,2410.0,2410.0
2014-10-20,2440.0,2480.0,2440.0,2480.0
2014-10-21,2480.0,2520.0,2450.0,2450.0
2014-10-22,2460.0,2500.0,2460.0,2490.0
2014-10-23,2470.0,2490.0,2470.0,2480.0
2014-10-24,2500.0,2510.0,2480.0,2490.0
2014-10-27,2500.0,2540.0,2500.0,2540.0
2014-10-28,2570.0,2580.0,2530.0,2540.0
2014-10-29,2540.0,2600.0,2530.0,2600.0
2014-10-30,2600.0,2610.0,2560.0,2560.0
2014-10-31,2590.0,2730.0,2570.0,2720.0
2014-11-04,2720.0,2860.0,2720.0,2730.0
2014-11-05,2730.0,2780.0,2710.0,2750.0
2014-11-06,2720.0,2790.0,2690.0,2710.0
2014-11-07,2740.0,2740.0,2690.0,2710.0
2014-11-10,2670.0,2700.0,2670.0,2690.0
2014-11-11,2680.0,2700.0,2680.0,2700.0
2014-11-12,2700.0,2720.0,2680.0,2690.0
2014-11-13,2690.0,2720.0,2680.0,2720.0
2014-11-14,2760.0,2760.0,2670.0,2740.0
2014-11-17,2710.0,2710.0,2640.0,2640.0
2014-11-18,2650.0,2680.0,2640.0,2680.0
2014-11-19,2680.0,2700.0,2660.0,2660.0
2014-11-20,2670.0,2680.0,2650.0,2650.0
2014-11-21,2640.0,2690.0,2620.0,2680.0
2014-11-25,2690.0,2720.0,2660.0,2720.0
2014-11-26,2700.0,2710.0,2690.0,2690.0
2014-11-27,2680.0,2700.0,2660.0,2660.0
2014-11-28,2660.0,2690.0,2660.0,2690.0
2014-12-01,2690.0,2710.0,2680.0,2700.0
2014-12-02,2700.0,2700.0,2670.0,2690.0
2014-12-03,2700.0,2700.0,2670.0,2670.0
2014-12-04,2670.0,2690.0,2670.0,2680.0
2014-12-05,2670.0,2690.0,2660.0,2690.0
2014-12-08,2680.0,2700.0,2660.0,2670.0
2014-12-09,2650.0,2670.0,2640.0,2650.0
2014-12-10,2650.0,2670.0,2650.0,2660.0
2014-12-11,2660.0,2660.0,2620.0,2620.0
2014-12-12,2600.0,2630.0,2600.0,2600.0
2014-12-15,2600.0,2620.0,2590.0,2590.0
2014-12-16,2540.0,2570.0,2530.0,2560.0
2014-12-17,2540.0,2590.0,2540.0,2540.0
2014-12-18,2570.0,2590.0,2560.0,2580.0
2014-12-19,2600.0,2610.0,2590.0,2610.0
2014-12-22,2610.0,2620.0,2590.0,2620.0
2014-12-24,2630.0,2650.0,2630.0,2650.0
2014-12-25,2650.0,2650.0,2630.0,2650.0
2014-12-26,2650.0,2680.0,2650.0,2680.0
2014-12-29,2680.0,2680.0,2600.0,2620.0
2014-12-30,2650.0,2650.0,2630.0,2630.0
2015-01-05,2630.0,2630.0,2570.0,2580.0
2015-01-06,2580.0,2580.0,2540.0,2540.0
2015-01-07,2530.0,2540.0,2520.0,2520.0
2015-01-08,2530.0,2560.0,2530.0,2550.0
2015-01-09,2560.0,2580.0,2550.0,2570.0
2015-01-13,2570.0,2580.0,2540.0,2560.0
2015-01-14,2550.0,2560.0,2540.0,2540.0
2015-01-15,2540.0,2590.0,2540.0,2580.0
2015-01-16,2550.0,2550.0,2530.0,2540.0
2015-01-19,2550.0,2550.0,2530.0,2530.0
2015-01-20,2540.0,2570.0,2530.0,2570.0
2015-01-21,2570.0,2570.0,2540.0,2540.0
2015-01-22,2550.0,2550.0,2530.0,2550.0
2015-01-23,2550.0,2580.0,2550.0,2570.0
2015-01-26,2580.0,2580.0,2540.0,2550.0
2015-01-27,2570.0,2590.0,2560.0,2590.0
2015-01-28,2600.0,2640.0,2600.0,2640.0
2015-01-29,2630.0,2660.0,2610.0,2620.0
2015-01-30,2640.0,2660.0,2590.0,2610.0
2015-02-02,2610.0,2610.0,2570.0,2570.0
2015-02-03,2570.0,2580.0,2530.0,2550.0
2015-02-04,2530.0,2580.0,2530.0,2580.0
2015-02-05,2550.0,2570.0,2550.0,2570.0
2015-02-06,2580.0,2590.0,2560.0,2570.0
2015-02-09,2600.0,2600.0,2570.0,2580.0
2015-02-10,2600.0,2610.0,2590.0,2600.0
2015-02-12,2630.0,2710.0,2630.0,2670.0
2015-02-13,2690.0,2690.0,2630.0,2630.0
2015-02-16,2640.0,2700.0,2630.0,2640.0
2015-02-17,2650.0,2660.0,2630.0,2650.0
2015-02-18,2650.0,2690.0,2640.0,2650.0
2015-02-19,2680.0,2700.0,2660.0,2700.0
2015-02-20,2700.0,2730.0,2690.0,2720.0
2015-02-23,2710.0,2720.0,2690.0,2690.0
2015-02-24,2690.0,2720.0,2690.0,2710.0
2015-02-25,2710.0,2730.0,2710.0,2730.0
2015-02-26,2730.0,2730.0,2700.0,2720.0
2015-02-27,2700.0,2700.0,2650.0,2670.0
2015-03-02,2650.0,2660.0,2630.0,2640.0
2015-03-03,2650.0,2670.0,2640.0,2650.0
2015-03-04,2670.0,2670.0,2650.0,2660.0
2015-03-05,2650.0,2660.0,2650.0,2660.0
2015-03-06,2660.0,2670.0,2650.0,2650.0
2015-03-09,2640.0,2660.0,2640.0,2650.0
2015-03-10,2660.0,2660.0,2640.0,2640.0
2015-03-11,2640.0,2660.0,2640.0,2640.0
2015-03-12,2640.0,2670.0,2640.0,2670.0
2015-03-13,2700.0,2700.0,2670.0,2680.0
2015-03-16,2670.0,2670.0,2660.0,2660.0
2015-03-17,2670.0,2680.0,2670.0,2670.0
2015-03-18,2670.0,2690.0,2660.0,2660.0
2015-03-19,2660.0,2670.0,2660.0,2660.0
2015-03-20,2670.0,2670.0,2650.0,2650.0
2015-03-23,2670.0,2690.0,2660.0,2690.0
2015-03-24,2670.0,2690.0,2660.0,2680.0
2015-03-25,2680.0,2680.0,2660.0,2670.0
2015-03-26,2660.0,2690.0,2650.0,2660.0
2015-03-27,2650.0,2680.0,2600.0,2610.0
2015-03-30,2620.0,2640.0,2600.0,2630.0
2015-03-31,2650.0,2720.0,2650.0,2700.0
2015-04-01,2700.0,2700.0,2630.0,2640.0
2015-04-02,2640.0,2710.0,2640.0,2690.0
2015-04-03,2710.0,2710.0,2660.0,2680.0
2015-04-06,2670.0,2670.0,2650.0,2650.0
2015-04-07,2640.0,2650.0,2630.0,2650.0
2015-04-08,2650.0,2670.0,2640.0,2670.0
2015-04-09,2670.0,2680.0,2670.0,2680.0
2015-04-10,2690.0,2690.0,2670.0,2670.0
2015-04-13,2670.0,2670.0,2650.0,2650.0
2015-04-14,2660.0,2670.0,2650.0,2660.0
2015-04-15,2660.0,2670.0,2650.0,2670.0
2015-04-16,2680.0,2680.0,2640.0,2660.0
2015-04-17,2640.0,2660.0,2640.0,2640.0
2015-04-20,2640.0,2650.0,2640.0,2640.0
2015-04-21,2660.0,2660.0,2650.0,2660.0
2015-04-22,2660.0,2680.0,2660.0,2670.0
2015-04-23,2670.0,2700.0,2660.0,2680.0
2015-04-24,2680.0,2690.0,2660.0,2660.0
2015-04-27,2660.0,2690.0,2650.0,2690.0
2015-04-28,2680.0,2690.0,2650.0,2650.0
2015-04-30,2710.0,2850.0,2690.0,2810.0
2015-05-01,2790.0,2790.0,2740.0,2750.0
2015-05-07,2730.0,2840.0,2730.0,2770.0
2015-05-08,2770.0,2790.0,2770.0,2780.0
2015-05-11,2800.0,2850.0,2800.0,2820.0
2015-05-12,2850.0,2860.0,2800.0,2850.0
2015-05-13,2840.0,2860.0,2830.0,2850.0
2015-05-14,2820.0,2870.0,2820.0,2850.0
2015-05-15,2870.0,2880.0,2800.0,2860.0
2015-05-18,2840.0,2890.0,2840.0,2890.0
2015-05-19,2860.0,2890.0,2860.0,2890.0
2015-05-20,2850.0,2890.0,2850.0,2890.0
2015-05-21,2880.0,2890.0,2850.0,2860.0
2015-05-22,2860.0,2860.0,2820.0,2830.0
2015-05-25,2830.0,2860.0,2830.0,2860.0
2015-05-26,2860.0,2860.0,2830.0,2840.0
2015-05-27,2840.0,2850.0,2820.0,2840.0
2015-05-28,2840.0,2840.0,2810.0,2830.0
2015-05-29,2830.0,2840.0,2800.0,2820.0
2015-06-01,2830.0,2850.0,2820.0,2840.0
2015-06-02,2840.0,2850.0,2830.0,2840.0
2015-06-03,2840.0,2850.0,2820.0,2830.0
2015-06-04,2830.0,2830.0,2770.0,2770.0
2015-06-05,2770.0,2820.0,2770.0,2810.0
2015-06-08,2830.0,2830.0,2810.0,2810.0
2015-06-09,2800.0,2830.0,2800.0,2800.0
2015-06-10,2830.0,2830.0,2800.0,2800.0
2015-06-11,2810.0,2830.0,2790.0,2810.0
2015-06-12,2850.0,2850.0,2810.0,2830.0
2015-06-15,2820.0,2820.0,2800.0,2820.0
2015-06-16,2830.0,2850.0,2830.0,2830.0
2015-06-17,2830.0,2890.0,2830.0,2870.0
2015-06-18,2890.0,2920.0,2850.0,2890.0
2015-06-19,2920.0,2960.0,2900.0,2920.0
2015-06-22,2900.0,2930.0,2880.0,2920.0
2015-06-23,2920.0,2950.0,2920.0,2950.0
2015-06-24,2940.0,2960.0,2940.0,2960.0
2015-06-25,2950.0,2960.0,2930.0,2940.0
2015-06-26,2930.0,2940.0,2920.0,2940.0
2015-06-29,2880.0,2910.0,2880.0,2880.0
2015-06-30,2890.0,2930.0,2890.0,2920.0
2015-07-01,2920.0,2930.0,2880.0,2890.0
2015-07-02,2890.0,2890.0,2860.0,2860.0
2015-07-03,2880.0,2880.0,2860.0,2870.0
2015-07-06,2860.0,2910.0,2850.0,2860.0
2015-07-07,2900.0,2930.0,2890.0,2920.0
2015-07-08,2900.0,2910.0,2850.0,2850.0
2015-07-09,2820.0,2840.0,2780.0,2820.0
2015-07-10,2880.0,2910.0,2850.0,2870.0
2015-07-13,2860.0,2910.0,2860.0,2910.0
2015-07-14,2920.0,2930.0,2850.0,2900.0
2015-07-15,2910.0,2970.0,2910.0,2960.0
2015-07-16,2960.0,3000.0,2940.0,3000.0
2015-07-17,3000.0,3000.0,2950.0,2970.0
2015-07-21,2960.0,2960.0,2950.0,2950.0
2015-07-22,2940.0,2960.0,2930.0,2940.0
2015-07-23,2940.0,2970.0,2930.0,2960.0
2015-07-24,2970.0,2980.0,2960.0,2960.0
2015-07-27,2960.0,2970.0,2920.0,2920.0
2015-07-28,2900.0,2900.0,2890.0,2890.0
2015-07-29,2890.0,2890.0,2830.0,2840.0
2015-07-30,2850.0,2880.0,2840.0,2850.0
2015-07-31,2890.0,2940.0,2870.0,2940.0
2015-08-03,2950.0,2960.0,2940.0,2960.0
2015-08-04,2960.0,2980.0,2940.0,2970.0
2015-08-05,2940.0,2940.0,2920.0,2940.0
2015-08-06,2940.0,2980.0,2930.0,2960.0
2015-08-07,2950.0,2980.0,2950.0,2980.0
2015-08-10,2980.0,2980.0,2960.0,2980.0
2015-08-11,2980.0,2980.0,2940.0,2970.0
2015-08-12,2950.0,2960.0,2950.0,2950.0
2015-08-13,2940.0,2950.0,2930.0,2940.0
2015-08-14,2940.0,2980.0,2940.0,2950.0
2015-08-17,2980.0,3020.0,2980.0,3000.0
2015-08-18,2990.0,3080.0,2990.0,3060.0
2015-08-19,3080.0,3090.0,3030.0,3070.0
2015-08-20,3100.0,3170.0,3080.0,3120.0
2015-08-21,3100.0,3220.0,3100.0,3140.0
2015-08-24,3140.0,3140.0,2840.0,2850.0
2015-08-25,2790.0,2900.0,2650.0,2740.0
2015-08-26,2740.0,2830.0,2720.0,2820.0
2015-08-27,2900.0,2960.0,2860.0,2880.0
2015-08-28,3040.0,3040.0,2940.0,2990.0
2015-08-31,3040.0,3060.0,3000.0,3020.0
2015-09-01,3070.0,3200.0,3030.0,3030.0
2015-09-02,2970.0,3050.0,2930.0,2950.0
2015-09-03,3010.0,3070.0,2900.0,2910.0
2015-09-04,2940.0,2970.0,2870.0,2900.0
2015-09-07,2880.0,2940.0,2860.0,2880.0
2015-09-08,2860.0,2880.0,2750.0,2760.0
2015-09-09,2840.0,2890.0,2800.0,2890.0
2015-09-10,2850.0,2910.0,2830.0,2890.0
2015-09-11,2850.0,2890.0,2840.0,2860.0
2015-09-14,2910.0,2950.0,2870.0,2870.0
2015-09-15,2870.0,2910.0,2850.0,2850.0
2015-09-16,2870.0,2890.0,2810.0,2830.0
2015-09-17,2840.0,2880.0,2820.0,2880.0
2015-09-18,2880.0,2890.0,2820.0,2850.0
2015-09-24,2810.0,2820.0,2740.0,2740.0
2015-09-25,2740.0,2800.0,2740.0,2800.0
2015-09-28,2800.0,2810.0,2740.0,2760.0
2015-09-29,2740.0,2760.0,2680.0,2680.0
2015-09-30,2710.0,2730.0,2700.0,2730.0
2015-10-01,2750.0,2770.0,2710.0,2730.0
2015-10-02,2720.0,2720.0,2640.0,2660.0
2015-10-05,2630.0,2640.0,2600.0,2640.0
2015-10-06,2670.0,2680.0,2660.0,2680.0
2015-10-07,2670.0,2700.0,2650.0,2690.0
2015-10-08,2670.0,2690.0,2660.0,2680.0
2015-10-09,2700.0,2730.0,2650.0,2730.0
2015-10-13,2750.0,2750.0,2720.0,2750.0
2015-10-14,2690.0,2700.0,2670.0,2670.0
2015-10-15,2680.0,2720.0,2680.0,2720.0
2015-10-16,2720.0,2770.0,2720.0,2740.0
2015-10-19,2730.0,2730.0,2710.0,2730.0
2015-10-20,2720.0,2730.0,2690.0,2690.0
2015-10-21,2690.0,2740.0,2690.0,2740.0
2015-10-22,2740.0,2760.0,2700.0,2730.0
2015-10-23,2740.0,2750.0,2720.0,2740.0
2015-10-26,2750.0,2750.0,2720.0,2740.0
2015-10-27,2750.0,2750.0,2730.0,2740.0
2015-10-28,2750.0,2890.0,2720.0,2880.0
2015-10-29,2840.0,2850.0,2770.0,2770.0
2015-10-30,2760.0,2770.0,2700.0,2720.0
2015-11-02,2720.0,2720.0,2670.0,2670.0
2015-11-04,2670.0,2700.0,2650.0,2670.0
2015-11-05,2670.0,2680.0,2600.0,2670.0
2015-11-06,2690.0,2700.0,2670.0,2690.0
2015-11-09,2700.0,2720.0,2690.0,2720.0
2015-11-10,2720.0,2730.0,2690.0,2730.0
2015-11-11,2730.0,2760.0,2720.0,2750.0
2015-11-12,2770.0,2770.0,2750.0,2770.0
2015-11-13,2740.0,2750.0,2710.0,2720.0
2015-11-16,2720.0,2760.0,2720.0,2740.0
2015-11-17,2760.0,2770.0,2740.0,2770.0
2015-11-18,2770.0,2770.0,2720.0,2740.0
2015-11-19,2750.0,2760.0,2730.0,2750.0
2015-11-20,2740.0,2740.0,2710.0,2720.0
2015-11-24,2710.0,2800.0,2700.0,2790.0
2015-11-25,2790.0,2800.0,2760.0,2770.0
2015-11-26,2780.0,2780.0,2750.0,2780.0
2015-11-27,2790.0,2790.0,2760.0,2770.0
2015-11-30,2780.0,2780.0,2750.0,2770.0
2015-12-01,2770.0,2840.0,2770.0,2830.0
2015-12-02,2830.0,2840.0,2800.0,2810.0
2015-12-03,2820.0,2820.0,2770.0,2780.0
2015-12-04,2750.0,2800.0,2730.0,2790.0
2015-12-07,2780.0,2810.0,2780.0,2790.0
2015-12-08,2790.0,2790.0,2760.0,2760.0
2015-12-09,2760.0,2790.0,2750.0,2770.0
2015-12-10,2770.0,2780.0,2740.0,2740.0
2015-12-11,2750.0,2750.0,2730.0,2730.0
2015-12-14,2710.0,2710.0,2680.0,2700.0
2015-12-15,2700.0,2700.0,2660.0,2660.0
2015-12-16,2670.0,2690.0,2670.0,2690.0
2015-12-17,2730.0,2740.0,2700.0,2720.0
2015-12-18,2730.0,2740.0,2680.0,2680.0
2015-12-21,2690.0,2710.0,2660.0,2700.0
2015-12-22,2710.0,2720.0,2680.0,2710.0
2015-12-24,2720.0,2760.0,2720.0,2750.0
2015-12-25,2750.0,2750.0,2750.0,2750.0
2015-12-28,2760.0,2770.0,2750.0,2760.0
2015-12-29,2750.0,2770.0,2740.0,2760.0
2015-12-30,2780.0,2810.0,2780.0,2800.0
2016-01-04,2800.0,2800.0,2710.0,2710.0
2016-01-05,2710.0,2770.0,2700.0,2760.0
2016-01-06,2770.0,2790.0,2720.0,2740.0
2016-01-07,2740.0,2770.0,2720.0,2720.0
2016-01-08,2720.0,2740.0,2690.0,2690.0
2016-01-12,2700.0,2700.0,2650.0,2650.0
2016-01-13,2690.0,2710.0,2660.0,2690.0
2016-01-14,2650.0,2680.0,2630.0,2660.0
2016-01-15,2680.0,2680.0,2660.0,2680.0
2016-01-18,2650.0,2660.0,2620.0,2640.0
2016-01-19,2660.0,2660.0,2610.0,2620.0
2016-01-20,2620.0,2620.0,2560.0,2560.0
2016-01-21,2540.0,2550.0,2430.0,2430.0
2016-01-22,2490.0,2530.0,2470.0,2530.0
2016-01-25,2550.0,2570.0,2520.0,2550.0
2016-01-26,2530.0,2560.0,2510.0,2510.0
2016-01-27,2540.0,2590.0,2540.0,2580.0
2016-01-28,2580.0,2620.0,2570.0,2610.0
2016-01-29,2600.0,2650.0,2550.0,2650.0
2016-02-01,2660.0,2710.0,2660.0,2670.0
2016-02-02,2680.0,2730.0,2680.0,2720.0
2016-02-03,2720.0,2730.0,2700.0,2730.0
2016-02-04,2730.0,2740.0,2680.0,2700.0
2016-02-05,2680.0,2690.0,2640.0,2660.0
2016-02-08,2660.0,2740.0,2660.0,2740.0
2016-02-09,2690.0,2690.0,2650.0,2650.0
2016-02-10,2700.0,2700.0,2580.0,2590.0
2016-02-12,2550.0,2590.0,2450.0,2470.0
2016-02-15,2550.0,2570.0,2510.0,2560.0
2016-02-16,2560.0,2560.0,2490.0,2490.0
2016-02-17,2490.0,2490.0,2430.0,2440.0
2016-02-18,2470.0,2520.0,2470.0,2490.0
2016-02-19,2490.0,2520.0,2460.0,2490.0
2016-02-22,2490.0,2550.0,2490.0,2540.0
2016-02-23,2540.0,2560.0,2480.0,2480.0
2016-02-24,2480.0,2500.0,2460.0,2470.0
2016-02-25,2470.0,2540.0,2470.0,2530.0
2016-02-26,2540.0,2560.0,2460.0,2480.0
2016-02-29,2500.0,2500.0,2430.0,2430.0
2016-03-01,2420.0,2440.0,2390.0,2430.0
2016-03-02,2460.0,2490.0,2460.0,2480.0
2016-03-03,2470.0,2520.0,2470.0,2520.0
2016-03-04,2510.0,2560.0,2510.0,2560.0
2016-03-07,2560.0,2580.0,2530.0,2540.0
2016-03-08,2550.0,2570.0,2540.0,2560.0
2016-03-09,2550.0,2560.0,2540.0,2540.0
2016-03-10,2570.0,2570.0,2460.0,2520.0
2016-03-11,2540.0,2570.0,2500.0,2560.0
2016-03-14,2590.0,2630.0,2580.0,2610.0
2016-03-15,2610.0,2660.0,2610.0,2660.0
2016-03-16,2640.0,2680.0,2610.0,2620.0
2016-03-17,2660.0,2680.0,2610.0,2630.0
2016-03-18,2630.0,2710.0,2590.0,2710.0
2016-03-22,2680.0,2720.0,2660.0,2720.0
2016-03-23,2730.0,2760.0,2710.0,2740.0
2016-03-24,2730.0,2740.0,2670.0,2670.0
2016-03-25,2660.0,2680.0,2630.0,2640.0
2016-03-28,2670.0,2700.0,2640.0,2700.0
2016-03-29,2690.0,2710.0,2670.0,2700.0
2016-03-30,2710.0,2710.0,2670.0,2680.0
2016-03-31,2670.0,2670.0,2590.0,2600.0
2016-04-01,2610.0,2610.0,2480.0,2480.0
2016-04-04,2520.0,2580.0,2520.0,2570.0
2016-04-05,2550.0,2570.0,2480.0,2500.0
2016-04-06,2500.0,2560.0,2470.0,2520.0
2016-04-07,2510.0,2550.0,2510.0,2520.0
2016-04-08,2490.0,2520.0,2460.0,2480.0
2016-04-11,2490.0,2490.0,2370.0,2380.0
2016-04-12,2400.0,2480.0,2400.0,2450.0
2016-04-13,2450.0,2500.0,2450.0,2500.0
2016-04-14,2530.0,2610.0,2510.0,2610.0
2016-04-15,2470.0,2570.0,2470.0,2540.0
2016-04-18,2420.0,2500.0,2420.0,2440.0
2016-04-19,2510.0,2530.0,2470.0,2530.0
2016-04-20,2550.0,2570.0,2530.0,2570.0
2016-04-21,2590.0,2590.0,2560.0,2590.0
2016-04-22,2570.0,2580.0,2540.0,2570.0
2016-04-25,2570.0,2570.0,2530.0,2540.0
2016-04-26,2560.0,2560.0,2510.0,2550.0
2016-04-27,2560.0,2560.0,2520.0,2520.0
2016-04-28,2550.0,2730.0,2540.0,2680.0
2016-05-02,2640.0,2670.0,2590.0,2650.0
2016-05-06,2650.0,2740.0,2640.0,2720.0
2016-05-09,2750.0,2760.0,2650.0,2710.0
2016-05-10,2720.0,2770.0,2690.0,2740.0
2016-05-11,2710.0,2760.0,2690.0,2700.0
2016-05-12,2640.0,2670.0,2640.0,2660.0
2016-05-13,2660.0,2660.0,2610.0,2620.0
2016-05-16,2550.0,2630.0,2550.0,2590.0
2016-05-17,2600.0,2620.0,2590.0,2620.0
2016-05-18,2600.0,2620.0,2560.0,2570.0
2016-05-19,2600.0,2600.0,2500.0,2500.0
2016-05-20,2500.0,2550.0,2500.0,2530.0
2016-05-23,2530.0,2530.0,2520.0,2530.0
2016-05-24,2530.0,2550.0,2510.0,2520.0
2016-05-25,2530.0,2550.0,2480.0,2490.0
2016-05-26,2500.0,2510.0,2480.0,2500.0
2016-05-27,2520.0,2520.0,2500.0,2520.0
2016-05-30,2510.0,2530.0,2500.0,2500.0
2016-05-31,2500.0,2520.0,2500.0,2520.0
2016-06-01,2520.0,2550.0,2500.0,2520.0
2016-06-02,2500.0,2510.0,2490.0,2500.0
2016-06-03,2510.0,2530.0,2510.0,2530.0
2016-06-06,2490.0,2540.0,2490.0,2540.0
2016-06-07,2530.0,2570.0,2530.0,2570.0
2016-06-08,2600.0,2610.0,2570.0,2610.0
2016-06-09,2610.0,2620.0,2600.0,2610.0
2016-06-10,2620.0,2630.0,2550.0,2560.0
2016-06-13,2520.0,2520.0,2470.0,2470.0
2016-06-14,2470.0,2480.0,2420.0,2430.0
2016-06-15,2440.0,2450.0,2410.0,2440.0
2016-06-16,2440.0,2450.0,2400.0,2400.0
2016-06-17,2430.0,2480.0,2420.0,2480.0
2016-06-20,2480.0,2500.0,2470.0,2470.0
2016-06-21,2470.0,2490.0,2440.0,2480.0
2016-06-22,2480.0,2480.0,2470.0,2480.0
2016-06-23,2490.0,2500.0,2480.0,2490.0
2016-06-24,2490.0,2500.0,2400.0,2400.0
2016-06-27,2410.0,2490.0,2410.0,2490.0
2016-06-28,2460.0,2500.0,2460.0,2470.0
2016-06-29,2500.0,2510.0,2470.0,2500.0
2016-06-30,2500.0,2510.0,2480.0,2490.0
2016-07-01,2490.0,2520.0,2490.0,2510.0
2016-07-04,2510.0,2530.0,2480.0,2490.0
2016-07-05,2490.0,2510.0,2480.0,2500.0
2016-07-06,2490.0,2490.0,2450.0,2470.0
2016-07-07,2460.0,2470.0,2430.0,2440.0
2016-07-08,2450.0,2450.0,2420.0,2420.0
2016-07-11,2420.0,2420.0,2420.0,2420.0
2016-07-12,2430.0,2460.0,2410.0,2420.0
2016-07-13,2430.0,2450.0,2420.0,2420.0
2016-07-14,2430.0,2460.0,2420.0,2420.0
2016-07-15,2420.0,2460.0,2420.0,2430.0
2016-07-19,2450.0,2480.0,2450.0,2460.0
2016-07-20,2460.0,2480.0,2450.0,2480.0
2016-07-21,2490.0,2510.0,2480.0,2490.0
2016-07-22,2480.0,2510.0,2480.0,2510.0
2016-07-25,2510.0,2550.0,2510.0,2550.0
2016-07-26,2550.0,2550.0,2520.0,2540.0
2016-07-27,2560.0,2570.0,2520.0,2570.0
2016-07-28,2590.0,2610.0,2570.0,2610.0
2016-07-29,2620.0,2620.0,2530.0,2560.0
2016-08-01,2560.0,2560.0,2500.0,2510.0
2016-08-02,2490.0,2520.0,2470.0,2480.0
2016-08-03,2460.0,2460.0,2430.0,2430.0
2016-08-04,2440.0,2460.0,2430.0,2440.0
2016-08-05,2440.0,2450.0,2440.0,2440.0
2016-08-08,2430.0,2470.0,2430.0,2470.0
2016-08-09,2470.0,2480.0,2470.0,2480.0
2016-08-10,2490.0,2490.0,2460.0,2470.0
2016-08-12,2490.0,2490.0,2480.0,2490.0
2016-08-15,2470.0,2500.0,2470.0,2480.0
2016-08-16,2480.0,2480.0,2430.0,2430.0
2016-08-17,2420.0,2420.0,2400.0,2410.0
2016-08-18,2400.0,2410.0,2400.0,2400.0
2016-08-19,2410.0,2420.0,2400.0,2400.0
2016-08-22,2410.0,2430.0,2390.0,2420.0
2016-08-23,2420.0,2440.0,2410.0,2440.0
2016-08-24,2440.0,2500.0,2430.0,2440.0
2016-08-25,2450.0,2450.0,2440.0,2440.0
2016-08-26,2440.0,2440.0,2400.0,2400.0
2016-08-29,2410.0,2430.0,2410.0,2430.0
2016-08-30,2420.0,2420.0,2390.0,2390.0
2016-08-31,2400.0,2440.0,2400.0,2440.0
2016-09-01,2440.0,2450.0,2440.0,2450.0
2016-09-02,2450.0,2450.0,2420.0,2420.0
2016-09-05,2430.0,2460.0,2430.0,2440.0
2016-09-06,2440.0,2480.0,2440.0,2450.0
2016-09-07,2450.0,2490.0,2440.0,2490.0
2016-09-08,2490.0,2500.0,2480.0,2490.0
2016-09-09,2490.0,2500.0,2480.0,2490.0
2016-09-12,2480.0,2490.0,2440.0,2480.0
2016-09-13,2490.0,2490.0,2440.0,2450.0
2016-09-14,2440.0,2450.0,2430.0,2440.0
2016-09-15,2430.0,2430.0,2420.0,2420.0
2016-09-16,2430.0,2470.0,2430.0,2470.0
2016-09-20,2460.0,2510.0,2460.0,2490.0
2016-09-21,2490.0,2580.0,2490.0,2580.0
2016-09-23,2580.0,2610.0,2530.0,2580.0
2016-09-26,2570.0,2570.0,2520.0,2530.0
2016-09-27,2480.0,2610.0,2470.0,2610.0
2016-09-28,2550.0,2560.0,2500.0,2530.0
2016-09-29,2550.0,2570.0,2550.0,2570.0
2016-09-30,2490.0,2520.0,2480.0,2490.0
2016-10-03,2510.0,2510.0,2490.0,2490.0
2016-10-04,2490.0,2530.0,2490.0,2530.0
2016-10-05,2530.0,2550.0,2510.0,2520.0
2016-10-06,2530.0,2530.0,2470.0,2470.0
2016-10-07,2480.0,2480.0,2440.0,2450.0
2016-10-11,2470.0,2470.0,2440.0,2460.0
2016-10-12,2440.0,2480.0,2440.0,2460.0
2016-10-13,2460.0,2510.0,2460.0,2510.0
2016-10-14,2510.0,2520.0,2490.0,2500.0
2016-10-17,2480.0,2530.0,2480.0,2520.0
2016-10-18,2510.0,2510.0,2500.0,2500.0
2016-10-19,2520.0,2530.0,2500.0,2510.0
2016-10-20,2510.0,2550.0,2500.0,2540.0
2016-10-21,2540.0,2540.0,2500.0,2520.0
2016-10-24,2520.0,2540.0,2510.0,2530.0
2016-10-25,2530.0,2540.0,2520.0,2530.0
2016-10-26,2520.0,2530.0,2500.0,2510.0
2016-10-27,2520.0,2530.0,2500.0,2520.0
2016-10-28,2530.0,2540.0,2500.0,2520.0
2016-10-31,2510.0,2510.0,2450.0,2460.0
2016-11-01,2460.0,2490.0,2460.0,2480.0
2016-11-02,2480.0,2480.0,2450.0,2470.0
2016-11-04,2460.0,2460.0,2420.0,2420.0
2016-11-07,2430.0,2460.0,2430.0,2440.0
2016-11-08,2440.0,2450.0,2420.0,2430.0
2016-11-09,2440.0,2440.0,2380.0,2380.0
2016-11-10,2430.0,2450.0,2410.0,2440.0
2016-11-11,2460.0,2460.0,2410.0,2430.0
2016-11-14,2440.0,2450.0,2410.0,2420.0
2016-11-15,2430.0,2430.0,2410.0,2430.0
2016-11-16,2440.0,2450.0,2420.0,2440.0
2016-11-17,2430.0,2440.0,2420.0,2420.0
2016-11-18,2440.0,2440.0,2420.0,2430.0
2016-11-21,2450.0,2450.0,2420.0,2430.0
2016-11-22,2430.0,2450.0,2430.0,2440.0
2016-11-24,2450.0,2450.0,2430.0,2430.0
2016-11-25,2440.0,2450.0,2430.0,2450.0
2016-11-28,2450.0,2460.0,2440.0,2460.0
2016-11-29,2450.0,2470.0,2450.0,2470.0
2016-11-30,2470.0,2480.0,2450.0,2460.0
2016-12-01,2470.0,2480.0,2460.0,2460.0
2016-12-02,2470.0,2480.0,2450.0,2450.0
2016-12-05,2450.0,2450.0,2430.0,2430.0
2016-12-06,2430.0,2470.0,2430.0,2460.0
2016-12-07,2460.0,2480.0,2460.0,2480.0
2016-12-08,2490.0,2540.0,2490.0,2530.0
2016-12-09,2530.0,2540.0,2500.0,2520.0
2016-12-12,2540.0,2540.0,2510.0,2530.0
2016-12-13,2500.0,2560.0,2500.0,2560.0
2016-12-14,2560.0,2570.0,2540.0,2540.0
2016-12-15,2550.0,2570.0,2540.0,2550.0
2016-12-16,2560.0,2560.0,2530.0,2530.0
2016-12-19,2540.0,2560.0,2520.0,2550.0
2016-12-20,2550.0,2560.0,2530.0,2560.0
2016-12-21,2560.0,2570.0,2520.0,2550.0
2016-12-22,2550.0,2560.0,2530.0,2550.0
2016-12-26,2550.0,2560.0,2530.0,2550.0
2016-12-27,2550.0,2550.0,2510.0,2530.0
2016-12-28,2530.0,2550.0,2530.0,2550.0
2016-12-29,2550.0,2550.0,2520.0,2530.0
2016-12-30,2510.0,2520.0,2510.0,2520.0
2017-01-04,2530.0,2560.0,2530.0,2560.0
2017-01-05,2560.0,2560.0,2530.0,2540.0
2017-01-06,2540.0,2580.0,2540.0,2580.0
2017-01-10,2590.0,2590.0,2550.0,2560.0
2017-01-11,2570.0,2570.0,2550.0,2560.0
2017-01-12,2570.0,2570.0,2530.0,2530.0
2017-01-13,2530.0,2550.0,2530.0,2550.0
2017-01-16,2550.0,2560.0,2540.0,2560.0
2017-01-17,2560.0,2570.0,2530.0,2540.0
2017-01-18,2560.0,2560.0,2530.0,2540.0
2017-01-19,2560.0,2560.0,2540.0,2540.0
2017-01-20,2540.0,2560.0,2540.0,2560.0
2017-01-23,2550.0,2570.0,2550.0,2560.0
2017-01-24,2580.0,2580.0,2560.0,2570.0
2017-01-25,2580.0,2580.0,2570.0,2570.0
2017-01-26,2580.0,2600.0,2580.0,2600.0
2017-01-27,2600.0,2630.0,2600.0,2600.0
2017-01-30,2590.0,2590.0,2560.0,2580.0
2017-01-31,2560.0,2570.0,2550.0,2550.0
2017-02-01,2550.0,2570.0,2540.0,2540.0
2017-02-02,2550.0,2550.0,2530.0,2530.0
2017-02-03,2530.0,2570.0,2520.0,2540.0
2017-02-06,2560.0,2560.0,2540.0,2550.0
2017-02-07,2540.0,2570.0,2540.0,2560.0
2017-02-08,2560.0,2570.0,2560.0,2570.0
2017-02-09,2570.0,2590.0,2570.0,2570.0
2017-02-10,2590.0,2630.0,2590.0,2620.0
2017-02-13,2650.0,2650.0,2620.0,2630.0
2017-02-14,2630.0,2630.0,2610.0,2610.0
2017-02-15,2630.0,2640.0,2620.0,2630.0
2017-02-16,2640.0,2640.0,2630.0,2630.0
2017-02-17,2630.0,2640.0,2610.0,2630.0
2017-02-20,2620.0,2620.0,2590.0,2620.0
2017-02-21,2620.0,2640.0,2620.0,2630.0
2017-02-22,2630.0,2640.0,2630.0,2630.0
2017-02-23,2640.0,2660.0,2640.0,2660.0
2017-02-24,2660.0,2670.0,2650.0,2660.0
2017-02-27,2650.0,2670.0,2630.0,2670.0
2017-02-28,2680.0,2690.0,2640.0,2640.0
2017-03-01,2640.0,2650.0,2640.0,2650.0
2017-03-02,2670.0,2670.0,2630.0,2650.0
2017-03-03,2640.0,2650.0,2610.0,2610.0
2017-03-06,2610.0,2620.0,2580.0,2580.0
2017-03-07,2580.0,2580.0,2570.0,2570.0
2017-03-08,2570.0,2580.0,2570.0,2580.0
2017-03-09,2570.0,2580.0,2560.0,2560.0
2017-03-10,2610.0,2610.0,2580.0,2580.0
2017-03-13,2590.0,2600.0,2580.0,2590.0
2017-03-14,2590.0,2590.0,2570.0,2580.0
2017-03-15,2570.0,2570.0,2550.0,2570.0
2017-03-16,2560.0,2600.0,2560.0,2600.0
2017-03-17,2580.0,2600.0,2580.0,2580.0
2017-03-21,2580.0,2590.0,2570.0,2580.0
2017-03-22,2580.0,2580.0,2560.0,2570.0
2017-03-23,2570.0,2570.0,2560.0,2570.0
2017-03-24,2570.0,2600.0,2560.0,2600.0
2017-03-27,2570.0,2600.0,2570.0,2600.0
2017-03-28,2600.0,2640.0,2590.0,2640.0
2017-03-29,2620.0,2620.0,2610.0,2620.0
2017-03-30,2620.0,2630.0,2580.0,2590.0
2017-03-31,2600.0,2600.0,2560.0,2560.0
2017-04-03,2560.0,2590.0,2540.0,2570.0
2017-04-04,2550.0,2580.0,2550.0,2570.0
2017-04-05,2570.0,2570.0,2560.0,2560.0
2017-04-06,2550.0,2560.0,2530.0,2540.0
2017-04-07,2530.0,2540.0,2510.0,2510.0
2017-04-10,2530.0,2530.0,2510.0,2510.0
2017-04-11,2510.0,2510.0,2500.0,2500.0
2017-04-12,2480.0,2480.0,2450.0,2460.0
2017-04-13,2460.0,2490.0,2450.0,2470.0
2017-04-14,2450.0,2450.0,2440.0,2440.0
2017-04-17,2450.0,2480.0,2450.0,2470.0
2017-04-18,2490.0,2520.0,2480.0,2520.0
2017-04-19,2500.0,2530.0,2480.0,2480.0
2017-04-20,2500.0,2500.0,2460.0,2470.0
2017-04-21,2470.0,2500.0,2470.0,2500.0
2017-04-24,2500.0,2530.0,2480.0,2520.0
2017-04-25,2520.0,2540.0,2500.0,2530.0
2017-04-26,2540.0,2550.0,2530.0,2550.0
2017-04-27,2560.0,2580.0,2530.0,2540.0
2017-04-28,2570.0,2610.0,2570.0,2570.0
2017-05-01,2560.0,2600.0,2560.0,2600.0
2017-05-02,2600.0,2610.0,2600.0,2600.0
2017-05-08,2620.0,2640.0,2610.0,2630.0
2017-05-09,2640.0,2640.0,2610.0,2610.0
2017-05-10,2630.0,2650.0,2620.0,2650.0
2017-05-11,2640.0,2650.0,2630.0,2640.0
2017-05-12,2630.0,2640.0,2610.0,2630.0
2017-05-15,2600.0,2640.0,2600.0,2630.0
2017-05-16,2630.0,2650.0,2630.0,2650.0
2017-05-17,2640.0,2670.0,2640.0,2670.0
2017-05-18,2640.0,2670.0,2640.0,2670.0
2017-05-19,2670.0,2670.0,2640.0,2660.0
2017-05-22,2640.0,2660.0,2640.0,2650.0
2017-05-23,2660.0,2680.0,2660.0,2680.0
2017-05-24,2680.0,2690.0,2680.0,2680.0
2017-05-25,2680.0,2700.0,2680.0,2700.0
2017-05-26,2700.0,2700.0,2670.0,2670.0
2017-05-29,2670.0,2670.0,2650.0,2660.0
2017-05-30,2650.0,2660.0,2630.0,2650.0
2017-05-31,2660.0,2660.0,2610.0,2620.0
2017-06-01,2650.0,2690.0,2630.0,2680.0
2017-06-02,2680.0,2700.0,2670.0,2700.0
2017-06-05,2680.0,2690.0,2660.0,2690.0
2017-06-06,2690.0,2690.0,2680.0,2690.0
2017-06-07,2690.0,2690.0,2670.0,2690.0
2017-06-08,2700.0,2700.0,2680.0,2680.0
2017-06-09,2660.0,2670.0,2660.0,2660.0
2017-06-12,2660.0,2670.0,2650.0,2650.0
2017-06-13,2650.0,2670.0,2650.0,2670.0
2017-06-14,2660.0,2680.0,2660.0,2660.0
2017-06-15,2660.0,2670.0,2650.0,2660.0
2017-06-16,2660.0,2690.0,2650.0,2660.0
2017-06-19,2680.0,2690.0,2680.0,2690.0
2017-06-20,2690.0,2700.0,2680.0,2700.0
2017-06-21,2690.0,2700.0,2680.0,2680.0
2017-06-22,2670.0,2700.0,2670.0,2690.0
2017-06-23,2690.0,2700.0,2690.0,2690.0
2017-06-26,2690.0,2700.0,2690.0,2690.0
2017-06-27,2700.0,2710.0,2680.0,2680.0
2017-06-28,2660.0,2690.0,2660.0,2670.0
2017-06-29,2690.0,2700.0,2680.0,2700.0
2017-06-30,2700.0,2700.0,2650.0,2650.0
2017-07-03,2670.0,2690.0,2670.0,2680.0
2017-07-04,2680.0,2700.0,2680.0,2690.0
2017-07-05,2690.0,2710.0,2680.0,2710.0
2017-07-06,2700.0,2720.0,2700.0,2710.0
2017-07-07,2700.0,2710.0,2690.0,2700.0
2017-07-10,2720.0,2720.0,2670.0,2670.0
2017-07-11,2670.0,2700.0,2660.0,2690.0
2017-07-12,2690.0,2710.0,2690.0,2690.0
2017-07-13,2690.0,2700.0,2680.0,2690.0
2017-07-14,2690.0,2700.0,2670.0,2680.0
2017-07-17,2680.0,2680.0,2680.0,2680.0
2017-07-18,2690.0,2690.0,2680.0,2680.0
2017-07-19,2690.0,2700.0,2690.0,2700.0
2017-07-20,2700.0,2720.0,2690.0,2720.0
2017-07-21,2720.0,2720.0,2710.0,2720.0
2017-07-24,2700.0,2730.0,2700.0,2720.0
2017-07-25,2720.0,2720.0,2680.0,2690.0
2017-07-26,2690.0,2700.0,2680.0,2700.0
2017-07-27,2700.0,2740.0,2700.0,2740.0
2017-07-28,2740.0,2780.0,2740.0,2780.0
2017-07-31,2780.0,2790.0,2770.0,2770.0
2017-08-01,2770.0,2820.0,2770.0,2810.0
2017-08-02,2820.0,2820.0,2790.0,2820.0
2017-08-03,2810.0,2820.0,2790.0,2810.0
2017-08-04,2810.0,2850.0,2800.0,2820.0
2017-08-07,2840.0,2850.0,2830.0,2850.0
2017-08-08,2850.0,2850.0,2840.0,2850.0
2017-08-09,2800.0,2830.0,2780.0,2810.0
2017-08-10,2820.0,2830.0,2800.0,2810.0
2017-08-11,2810.0,2810.0,2810.0,2810.0
2017-08-14,2820.0,2830.0,2770.0,2810.0
2017-08-15,2850.0,2880.0,2830.0,2870.0
2017-08-16,2870.0,2870.0,2840.0,2850.0
2017-08-17,2850.0,2900.0,2840.0,2890.0
2017-08-18,2850.0,2900.0,2850.0,2890.0
2017-08-21,2870.0,2900.0,2870.0,2900.0
2017-08-22,2900.0,2910.0,2880.0,2890.0
2017-08-23,2890.0,2890.0,2830.0,2830.0
2017-08-24,2820.0,2880.0,2810.0,2860.0
2017-08-25,2870.0,2900.0,2860.0,2900.0
2017-08-28,2900.0,2920.0,2900.0,2920.0
2017-08-29,2920.0,2930.0,2850.0,2860.0
2017-08-30,2860.0,2930.0,2860.0,2920.0
2017-08-31,2920.0,2960.0,2920.0,2950.0
2017-09-01,2950.0,2990.0,2940.0,2970.0
2017-09-04,2930.0,2930.0,2780.0,2790.0
2017-09-05,2790.0,2790.0,2740.0,2770.0
2017-09-06,2760.0,2760.0,2730.0,2750.0
2017-09-07,2760.0,2780.0,2750.0,2770.0
2017-09-08,2760.0,2770.0,2720.0,2730.0
2017-09-11,2760.0,2770.0,2750.0,2760.0
2017-09-12,2780.0,2780.0,2710.0,2710.0
2017-09-13,2710.0,2750.0,2700.0,2740.0
2017-09-14,2720.0,2740.0,2710.0,2720.0
2017-09-15,2720.0,2740.0,2700.0,2740.0
2017-09-18,2740.0,2740.0,2740.0,2740.0
2017-09-19,2760.0,2760.0,2730.0,2740.0
2017-09-20,2720.0,2750.0,2720.0,2750.0
2017-09-21,2760.0,2770.0,2740.0,2750.0
2017-09-22,2750.0,2760.0,2740.0,2750.0
2017-09-25,2750.0,2860.0,2750.0,2860.0
2017-09-26,2860.0,2910.0,2860.0,2910.0
2017-09-27,2802.0,2859.0,2781.0,2810.0
2017-09-28,2794.0,2826.0,2760.0,2820.0
2017-09-29,2818.0,2824.0,2790.0,2820.0
2017-10-02,2820.0,2858.0,2818.0,2851.0
2017-10-03,2865.0,2874.0,2855.0,2869.0
2017-10-04,2819.0,2870.0,2812.0,2842.0
2017-10-05,2796.0,2868.0,2795.0,2848.0
2017-10-06,2850.0,2850.0,2823.0,2828.0
2017-10-09,2828.0,2828.0,2828.0,2828.0
2017-10-10,2844.0,2859.0,2813.0,2841.0
2017-10-11,2842.0,2852.0,2824.0,2842.0
2017-10-12,2842.0,2870.0,2823.0,2852.0
2017-10-13,2834.0,2898.0,2830.0,2863.0
2017-10-16,2862.0,2908.0,2845.0,2871.0
2017-10-17,2835.0,2872.0,2835.0,2865.0
2017-10-18,2901.0,2967.0,2866.0,2963.0
2017-10-19,2960.0,2960.0,2905.0,2915.0
2017-10-20,2897.0,2965.0,2887.0,2914.0
2017-10-23,2933.0,2984.0,2932.0,2960.0
2017-10-24,2960.0,3010.0,2960.0,3005.0
2017-10-25,3015.0,3025.0,2928.0,2937.0
2017-10-26,2906.0,2984.0,2906.0,2980.0
2017-10-27,2866.0,2879.0,2804.0,2820.0
2017-10-30,2815.0,2830.0,2748.0,2830.0
2017-10-31,2818.0,2840.0,2801.0,2837.0
2017-11-01,2837.0,2840.0,2794.0,2830.0
2017-11-02,2827.0,2827.0,2805.0,2822.0
2017-11-03,2822.0,2822.0,2822.0,2822.0
2017-11-06,2822.0,2840.0,2811.0,2821.0
2017-11-07,2810.0,2832.0,2787.0,2832.0
2017-11-08,2810.0,2822.0,2798.0,2822.0
2017-11-09,2826.0,2858.0,2806.0,2824.0
2017-11-10,2800.0,2817.0,2785.0,2787.0
2017-11-13,2787.0,2787.0,2760.0,2760.0
2017-11-14,2745.0,2754.0,2730.0,2741.0
2017-11-15,2730.0,2730.0,2683.0,2695.0
2017-11-16,2663.0,2699.0,2660.0,2675.0
2017-11-17,2683.0,2685.0,2637.0,2646.0
2017-11-20,2631.0,2650.0,2631.0,2633.0
2017-11-21,2641.0,2664.0,2641.0,2652.0
2017-11-22,2664.0,2664.0,2637.0,2648.0
2017-11-23,2648.0,2648.0,2648.0,2648.0
2017-11-24,2648.0,2653.0,2636.0,2645.0
2017-11-27,2650.0,2654.0,2631.0,2633.0
2017-11-28,2632.0,2653.0,2632.0,2632.0
2017-11-29,2637.0,2664.0,2635.0,2661.0
2017-11-30,2666.0,2681.0,2644.0,2657.0
2017-12-01,2660.0,2660.0,2635.0,2648.0
2017-12-04,2659.0,2663.0,2639.0,2641.0
2017-12-05,2630.0,2675.0,2627.0,2674.0
2017-12-06,2661.0,2675.0,2641.0,2643.0
2017-12-07,2646.0,2655.0,2636.0,2647.0
2017-12-08,2647.0,2674.0,2647.0,2673.0
2017-12-11,2683.0,2693.0,2661.0,2692.0
2017-12-12,2695.0,2695.0,2660.0,2661.0
2017-12-13,2665.0,2673.0,2652.0,2669.0
2017-12-14,2674.0,2714.0,2654.0,2711.0
2017-12-15,2709.0,2711.0,2677.0,2677.0
2017-12-18,2690.0,2765.0,2687.0,2748.0
2017-12-19,2755.0,2755.0,2711.0,2713.0
2017-12-20,2710.0,2710.0,2691.0,2698.0
2017-12-21,2708.0,2727.0,2700.0,2723.0
2017-12-22,2728.0,2738.0,2717.0,2729.0
2017-12-25,2729.0,2734.0,2701.0,2721.0
2017-12-26,2713.0,2733.0,2705.0,2721.0
2017-12-27,2732.0,2741.0,2716.0,2730.0
2017-12-28,2734.0,2788.0,2727.0,2784.0
2017-12-29,2791.0,2821.0,2786.0,2817.0
2018-01-01,2817.0,2817.0,2817.0,2817.0
2018-01-02,2817.0,2817.0,2817.0,2817.0
2018-01-03,2817.0,2817.0,2817.0,2817.0
2018-01-04,2842.0,2842.0,2817.0,2842.0
2018-01-05,2850.0,2887.0,2837.0,2879.0
2018-01-08,2879.0,2879.0,2879.0,2879.0
2018-01-09,2883.0,2883.0,2846.0,2857.0
2018-01-10,2864.0,2890.0,2856.0,2884.0
2018-01-11,2866.0,2868.0,2833.0,2867.0
2018-01-12,2852.0,2852.0,2816.0,2822.0
2018-01-15,2837.0,2840.0,2815.0,2830.0
2018-01-16,2827.0,2838.0,2811.0,2812.0
2018-01-17,2812.0,2816.0,2793.0,2798.0
2018-01-18,2819.0,2819.0,2785.0,2789.0
2018-01-19,2789.0,2801.0,2775.0,2786.0
2018-01-22,2791.0,2800.0,2772.0,2785.0
2018-01-23,2817.0,2848.0,2797.0,2835.0
2018-01-24,2835.0,2950.0,2822.0,2910.0
2018-01-25,2910.0,2910.0,2865.0,2885.0
2018-01-26,2868.0,2890.0,2850.0,2874.0
2018-01-29,2864.0,2869.0,2807.0,2822.0
2018-01-30,2910.0,2937.0,2892.0,2896.0
2018-01-31,2909.0,2934.0,2856.0,2862.0
2018-02-01,2873.0,2930.0,2873.0,2926.0
2018-02-02,2926.0,2948.0,2884.0,2931.0
2018-02-05,2883.0,2937.0,2882.0,2903.0
2018-02-06,2803.0,2827.0,2740.0,2758.0
2018-02-07,2799.0,2879.0,2769.0,2771.0
2018-02-08,2775.0,2809.0,2774.0,2777.0
2018-02-09,2723.0,2767.0,2723.0,2748.0
2018-02-12,2748.0,2748.0,2748.0,2748.0
2018-02-13,2787.0,2789.0,2694.0,2704.0
2018-02-14,2710.0,2717.0,2649.0,2665.0
2018-02-15,2699.0,2702.0,2637.0,2641.0
2018-02-16,2648.0,2736.0,2648.0,2708.0
2018-02-19,2739.0,2800.0,2721.0,2787.0
2018-02-20,2787.0,2833.0,2783.0,2808.0
2018-02-21,2816.0,2880.0,2802.0,2839.0
2018-02-22,2790.0,2800.0,2767.0,2768.0
2018-02-23,2771.0,2819.0,2770.0,2811.0
2018-02-26,2818.0,2847.0,2818.0,2834.0
2018-02-27,2853.0,2853.0,2798.0,2827.0
2018-02-28,2816.0,2832.0,2735.0,2737.0
2018-03-01,2730.0,2745.0,2705.0,2719.0
2018-03-02,2677.0,2701.0,2655.0,2662.0
2018-03-05,2650.0,2684.0,2641.0,2669.0
2018-03-06,2667.0,2747.0,2667.0,2713.0
2018-03-07,2698.0,2729.0,2669.0,2693.0
2018-03-08,2693.0,2734.0,2592.0,2642.0
2018-03-09,2674.0,2691.0,2595.0,2616.0
2018-03-12,2664.0,2674.0,2604.0,2637.0
2018-03-13,2637.0,2734.0,2637.0,2728.0
2018-03-14,2709.0,2739.0,2697.0,2708.0
2018-03-15,2708.0,2782.0,2703.0,2769.0
2018-03-16,2764.0,2764.0,2716.0,2750.0
2018-03-19,2757.0,2784.0,2717.0,2729.0
2018-03-20,2707.0,2754.0,2699.0,2740.0
2018-03-21,2740.0,2740.0,2740.0,2740.0
2018-03-22,2740.0,2740.0,2711.0,2723.0
2018-03-23,2720.0,2720.0,2626.0,2639.0
2018-03-26,2639.0,2677.0,2600.0,2659.0
2018-03-27,2659.0,2728.0,2638.0,2720.0
2018-03-28,2684.0,2753.0,2677.0,2726.0
2018-03-29,2743.0,2765.0,2699.0,2753.0
2018-03-30,2770.0,2770.0,2733.0,2753.0
2018-04-02,2753.0,2753.0,2700.0,2706.0
2018-04-03,2695.0,2729.0,2681.0,2696.0
2018-04-04,2700.0,2775.0,2700.0,2754.0
2018-04-05,2756.0,2780.0,2734.0,2745.0
2018-04-06,2768.0,2768.0,2715.0,2726.0
2018-04-09,2732.0,2764.0,2720.0,2756.0
2018-04-10,2767.0,2778.0,2734.0,2736.0
2018-04-11,2724.0,2729.0,2704.0,2718.0
2018-04-12,2754.0,2754.0,2675.0,2692.0
2018-04-13,2696.0,2707.0,2666.0,2695.0
2018-04-16,2698.0,2750.0,2698.0,2737.0
2018-04-17,2737.0,2737.0,2711.0,2722.0
2018-04-18,2731.0,2774.0,2731.0,2767.0
2018-04-19,2791.0,2791.0,2735.0,2760.0
2018-04-20,2759.0,2785.0,2726.0,2741.0
2018-04-23,2741.0,2741.0,2702.0,2714.0
2018-04-24,2729.0,2790.0,2729.0,2782.0
2018-04-25,2782.0,2849.0,2756.0,2812.0
2018-04-26,2830.0,2878.0,2787.0,2867.0
2018-04-27,2888.0,2967.0,2838.0,2956.0
2018-04-30,2956.0,2956.0,2956.0,2956.0
2018-05-01,2900.0,2947.0,2889.0,2946.0
2018-05-02,2945.0,2958.0,2871.0,2952.0
2018-05-03,2952.0,2952.0,2952.0,2952.0
2018-05-04,2952.0,2952.0,2952.0,2952.0
2018-05-07,2945.0,2948.0,2922.0,2948.0
2018-05-08,2949.0,2974.0,2917.0,2956.0
2018-05-09,2968.0,2976.0,2928.0,2956.0
2018-05-10,2965.0,2969.0,2930.0,2950.0
2018-05-11,2949.0,2965.0,2912.0,2945.0
2018-05-14,2945.0,2948.0,2925.0,2946.0
2018-05-15,2950.0,2961.0,2922.0,2961.0
2018-05-16,2961.0,2961.0,2916.0,2944.0
2018-05-17,2956.0,2962.0,2930.0,2954.0
2018-05-18,2938.0,2950.0,2916.0,2944.0
2018-05-21,2944.0,2968.0,2934.0,2962.0
2018-05-22,2966.0,2966.0,2928.0,2939.0
2018-05-23,2940.0,2968.0,2922.0,2964.0
2018-05-24,2969.0,2969.0,2936.0,2950.0
2018-05-25,2950.0,2962.0,2918.0,2950.0
2018-05-28,2950.0,3020.0,2946.0,3020.0
2018-05-29,3020.0,3025.0,2986.0,2995.0
2018-05-30,2967.0,3005.0,2932.0,2992.0
2018-05-31,2985.0,2989.0,2958.0,2987.0
2018-06-01,2987.0,3020.0,2947.0,2994.0
2018-06-04,3010.0,3045.0,2987.0,3030.0
2018-06-05,3030.0,3030.0,2980.0,2990.0
2018-06-06,2982.0,3010.0,2966.0,2999.0
2018-06-07,3005.0,3015.0,2987.0,2999.0
2018-06-08,2970.0,3035.0,2970.0,3035.0
2018-06-11,3030.0,3040.0,3020.0,3020.0
2018-06-12,3015.0,3030.0,2986.0,3015.0
2018-06-13,3000.0,3040.0,3000.0,3040.0
2018-06-14,3015.0,3085.0,3005.0,3085.0
2018-06-15,3070.0,3070.0,3015.0,3030.0
2018-06-18,3030.0,3060.0,2996.0,3060.0
2018-06-19,3040.0,3080.0,3040.0,3055.0
2018-06-20,3065.0,3085.0,3065.0,3075.0
2018-06-21,3065.0,3080.0,3005.0,3020.0
2018-06-22,3005.0,3045.0,2997.0,3045.0
2018-06-25,3045.0,3045.0,3000.0,3000.0
2018-06-26,2981.0,2996.0,2965.0,2995.0
2018-06-27,3015.0,3035.0,2972.0,3015.0
2018-06-28,3005.0,3040.0,3000.0,3030.0
2018-06-29,3030.0,3030.0,2870.0,2998.0
2018-07-02,2998.0,2999.0,2889.0,2898.0
2018-07-03,2891.0,2908.0,2866.0,2885.0
2018-07-04,2868.0,2903.0,2868.0,2887.0
2018-07-05,2890.0,2921.0,2816.0,2822.0
2018-07-06,2809.0,2815.0,2767.0,2793.0
2018-07-09,2801.0,2878.0,2801.0,2877.0
2018-07-10,2850.0,2887.0,2793.0,2793.0
2018-07-11,2759.0,2791.0,2740.0,2742.0
2018-07-12,2744.0,2791.0,2733.0,2733.0
2018-07-13,2737.0,2759.0,2731.0,2749.0
2018-07-16,2749.0,2749.0,2749.0,2749.0
2018-07-17,2742.0,2827.0,2742.0,2806.0
2018-07-18,2816.0,2883.0,2766.0,2843.0
2018-07-19,2813.0,2837.0,2799.0,2812.0
2018-07-20,2799.0,2853.0,2799.0,2841.0
2018-07-23,2822.0,2919.0,2822.0,2888.0
2018-07-24,2896.0,2955.0,2880.0,2889.0
2018-07-25,2889.0,2925.0,2889.0,2913.0
2018-07-26,2914.0,3010.0,2914.0,3000.0
2018-07-27,3000.0,3010.0,2969.0,3005.0
2018-07-30,2975.0,3010.0,2975.0,3010.0
2018-07-31,2977.0,2990.0,2891.0,2966.0
2018-08-01,2966.0,2970.0,2862.0,2888.0
2018-08-02,2909.0,2909.0,2800.0,2805.0
2018-08-03,2806.0,2828.0,2721.0,2733.0
2018-08-06,2716.0,2751.0,2711.0,2716.0
2018-08-07,2712.0,2743.0,2704.0,2741.0
2018-08-08,2740.0,2750.0,2713.0,2717.0
2018-08-09,2711.0,2711.0,2653.0,2653.0
2018-08-10,2664.0,2707.0,2654.0,2678.0
2018-08-13,2657.0,2689.0,2612.0,2612.0
2018-08-14,2613.0,2698.0,2613.0,2694.0
2018-08-15,2667.0,2709.0,2667.0,2697.0
2018-08-16,2650.0,2658.0,2626.0,2627.0
2018-08-17,2629.0,2661.0,2624.0,2626.0
2018-08-20,2612.0,2626.0,2606.0,2607.0
2018-08-21,2605.0,2620.0,2577.0,2580.0
2018-08-22,2580.0,2599.0,2572.0,2577.0
2018-08-23,2577.0,2614.0,2577.0,2599.0
2018-08-24,2601.0,2628.0,2600.0,2608.0
2018-08-27,2608.0,2636.0,2608.0,2629.0
2018-08-28,2649.0,2669.0,2601.0,2604.0
2018-08-29,2608.0,2611.0,2593.0,2593.0
2018-08-30,2613.0,2613.0,2565.0,2570.0
2018-08-31,2570.0,2578.0,2556.0,2556.0
2018-09-03,2561.0,2561.0,2520.0,2520.0
2018-09-04,2525.0,2536.0,2512.0,2515.0
2018-09-05,2527.0,2558.0,2509.0,2521.0
2018-09-06,2521.0,2542.0,2512.0,2522.0
2018-09-07,2522.0,2605.0,2522.0,2597.0
2018-09-10,2597.0,2628.0,2597.0,2601.0
2018-09-11,2613.0,2625.0,2601.0,2610.0
2018-09-12,2618.0,2618.0,2540.0,2559.0
2018-09-13,2599.0,2630.0,2573.0,2592.0
2018-09-14,2590.0,2629.0,2583.0,2592.0
2018-09-17,2592.0,2592.0,2592.0,2592.0
2018-09-18,2616.0,2638.0,2602.0,2626.0
2018-09-19,2626.0,2638.0,2615.0,2633.0
2018-09-20,2654.0,2673.0,2637.0,2663.0
2018-09-21,2680.0,2738.0,2658.0,2730.0
2018-09-24,2730.0,2730.0,2730.0,2730.0
2018-09-25,2733.0,2830.0,2733.0,2830.0
2018-09-26,2830.0,2830.0,2741.0,2827.0
2018-09-27,2800.0,2807.0,2704.0,2706.0
2018-09-28,2721.0,2732.0,2699.0,2700.0
2018-10-01,2702.0,2713.0,2651.0,2664.0
2018-10-02,2700.0,2824.0,2691.0,2771.0
2018-10-03,2797.0,2797.0,2713.0,2715.0
2018-10-04,2760.0,2760.0,2710.0,2725.0
2018-10-05,2714.0,2727.0,2692.0,2711.0
2018-10-08,2711.0,2711.0,2711.0,2711.0
2018-10-09,2664.0,2672.0,2586.0,2601.0
2018-10-10,2619.0,2632.0,2597.0,2613.0
2018-10-11,2586.0,2598.0,2521.0,2526.0
2018-10-12,2544.0,2570.0,2516.0,2551.0
2018-10-15,2521.0,2546.0,2503.0,2525.0
2018-10-16,2525.0,2541.0,2503.0,2514.0
2018-10-17,2522.0,2571.0,2522.0,2566.0
2018-10-18,2561.0,2626.0,2561.0,2614.0
2018-10-19,2601.0,2606.0,2584.0,2595.0
2018-10-22,2595.0,2648.0,2582.0,2628.0
2018-10-23,2621.0,2621.0,2535.0,2539.0
2018-10-24,2563.0,2598.0,2537.0,2590.0
2018-10-25,2590.0,2590.0,2531.0,2557.0
2018-10-26,2582.0,2584.0,2511.0,2516.0
2018-10-29,2511.0,2566.0,2511.0,2523.0
2018-10-30,2558.0,2578.0,2523.0,2556.0
2018-10-31,2530.0,2530.0,2504.0,2520.0
2018-11-01,2520.0,2527.0,2470.0,2473.0
2018-11-02,2456.0,2456.0,2397.0,2418.0
2018-11-05,2410.0,2429.0,2374.0,2411.0
2018-11-06,2416.0,2482.0,2410.0,2467.0
2018-11-07,2467.0,2480.0,2420.0,2427.0
2018-11-08,2431.0,2500.0,2430.0,2484.0
2018-11-09,2474.0,2515.0,2461.0,2465.0
2018-11-12,2473.0,2494.0,2449.0,2467.0
2018-11-13,2430.0,2442.0,2396.0,2434.0
2018-11-14,2397.0,2397.0,2331.0,2344.0
2018-11-15,2344.0,2344.0,2268.0,2321.0
2018-11-16,2321.0,2322.0,2261.0,2300.0
2018-11-19,2300.0,2321.0,2238.0,2321.0
2018-11-20,2303.0,2407.0,2282.0,2403.0
2018-11-21,2356.0,2368.0,2335.0,2365.0
2018-11-22,2370.0,2426.0,2344.0,2417.0
2018-11-23,2417.0,2417.0,2417.0,2417.0
2018-11-26,2400.0,2406.0,2375.0,2383.0
2018-11-27,2395.0,2417.0,2383.0,2413.0
2018-11-28,2417.0,2419.0,2390.0,2419.0
2018-11-29,2450.0,2461.0,2431.0,2452.0
2018-11-30,2455.0,2498.0,2447.0,2498.0
2018-12-03,2490.0,2500.0,2459.0,2500.0
2018-12-04,2510.0,2510.0,2447.0,2460.0
2018-12-05,2450.0,2493.0,2435.0,2476.0
2018-12-06,2462.0,2474.0,2439.0,2457.0
2018-12-07,2460.0,2479.0,2441.0,2471.0
2018-12-10,2478.0,2501.0,2471.0,2478.0
2018-12-11,2478.0,2479.0,2415.0,2420.0
2018-12-12,2458.0,2488.0,2457.0,2459.0
2018-12-13,2481.0,2570.0,2470.0,2555.0
2018-12-14,2555.0,2587.0,2513.0,2525.0
2018-12-17,2530.0,2575.0,2520.0,2569.0
2018-12-18,2561.0,2561.0,2494.0,2508.0
2018-12-19,2513.0,2513.0,2465.0,2490.0
2018-12-20,2489.0,2518.0,2421.0,2447.0
2018-12-21,2440.0,2468.0,2369.0,2456.0
2018-12-24,2456.0,2456.0,2456.0,2456.0
2018-12-25,2456.0,2456.0,2356.0,2371.0
2018-12-26,2394.0,2458.0,2390.0,2415.0
2018-12-27,2439.0,2559.0,2439.0,2558.0
2018-12-28,2558.0,2558.0,2500.0,2539.0
2018-12-31,2539.0,2539.0,2539.0,2539.0
2019-01-04,2539.0,2600.0,2495.0,2588.0
2019-01-07,2640.0,2650.0,2543.0,2573.0
2019-01-08,2583.0,2583.0,2500.0,2520.0
2019-01-09,2545.0,2560.0,2531.0,2550.0
2019-01-10,2549.0,2619.0,2509.0,2612.0
2019-01-11,2612.0,2612.0,2570.0,2577.0
2019-01-15,2554.0,2598.0,2554.0,2593.0
2019-01-16,2575.0,2591.0,2551.0,2559.0
2019-01-17,2574.0,2644.0,2574.0,2640.0
2019-01-18,2620.0,2645.0,2590.0,2611.0
2019-01-21,2629.0,2636.0,2601.0,2632.0
2019-01-22,2652.0,2652.0,2602.0,2630.0
2019-01-23,2605.0,2617.0,2574.0,2576.0
2019-01-24,2576.0,2576.0,2544.0,2545.0
2019-01-25,2545.0,2578.0,2545.0,2545.0
2019-01-28,2557.0,2557.0,2512.0,2518.0
2019-01-29,2526.0,2562.0,2525.0,2553.0
2019-01-30,2540.0,2540.0,2482.0,2483.0
2019-01-31,2495.0,2503.0,2430.0,2435.0
2019-02-01,2435.0,2461.0,2420.0,2437.0
2019-02-04,2465.0,2517.0,2464.0,2515.0
2019-02-05,2514.0,2574.0,2480.0,2537.0
2019-02-06,2564.0,2564.0,2500.0,2510.0
2019-02-07,2517.0,2517.0,2480.0,2489.0
2019-02-08,2473.0,2489.0,2453.0,2468.0
2019-02-12,2476.0,2518.0,2469.0,2516.0
2019-02-13,2530.0,2530.0,2452.0,2480.0
2019-02-14,2471.0,2483.0,2461.0,2469.0
2019-02-15,2451.0,2451.0,2429.0,2444.0
2019-02-18,2494.0,2496.0,2452.0,2495.0
2019-02-19,2510.0,2510.0,2471.0,2481.0
2019-02-20,2481.0,2507.0,2469.0,2502.0
2019-02-21,2510.0,2522.0,2487.0,2509.0
2019-02-22,2517.0,2517.0,2461.0,2466.0
2019-02-25,2479.0,2481.0,2452.0,2465.0
2019-02-26,2465.0,2521.0,2465.0,2516.0
2019-02-27,2516.0,2559.0,2516.0,2527.0
2019-02-28,2548.0,2592.0,2536.0,2553.0
2019-03-01,2553.0,2572.0,2528.0,2539.0
2019-03-04,2562.0,2562.0,2492.0,2499.0
2019-03-05,2489.0,2499.0,2447.0,2474.0
2019-03-06,2499.0,2519.0,2478.0,2509.0
2019-03-07,2479.0,2504.0,2471.0,2492.0
2019-03-08,2463.0,2482.0,2429.0,2444.0
2019-03-11,2444.0,2463.0,2442.0,2452.0
2019-03-12,2470.0,2530.0,2470.0,2512.0
2019-03-13,2504.0,2531.0,2460.0,2467.0
2019-03-14,2479.0,2479.0,2465.0,2469.0
2019-03-15,2466.0,2517.0,2466.0,2505.0
2019-03-18,2511.0,2549.0,2502.0,2521.0
2019-03-19,2534.0,2534.0,2486.0,2494.0
2019-03-20,2517.0,2548.0,2509.0,2526.0
2019-03-22,2513.0,2523.0,2500.0,2510.0
2019-03-25,2510.0,2511.0,2418.0,2418.0
2019-03-26,2425.0,2510.0,2414.0,2497.0
2019-03-27,2466.0,2470.0,2445.0,2468.0
2019-03-28,2428.0,2428.0,2399.0,2410.0
2019-03-29,2460.0,2460.0,2387.0,2391.0
2019-04-01,2423.0,2452.0,2414.0,2430.0
2019-04-02,2454.0,2454.0,2424.0,2435.0
2019-04-03,2424.0,2441.0,2422.0,2439.0
2019-04-04,2432.0,2455.0,2423.0,2455.0
2019-04-05,2431.0,2466.0,2431.0,2442.0
2019-04-08,2438.0,2445.0,2433.0,2436.0
2019-04-09,2432.0,2432.0,2397.0,2400.0
2019-04-10,2408.0,2408.0,2385.0,2388.0
2019-04-11,2391.0,2394.0,2365.0,2383.0
2019-04-12,2409.0,2409.0,2367.0,2385.0
2019-04-15,2385.0,2414.0,2384.0,2409.0
2019-04-16,2395.0,2407.0,2371.0,2375.0
2019-04-17,2361.0,2366.0,2348.0,2357.0
2019-04-18,2347.0,2348.0,2322.0,2332.0
2019-04-19,2347.0,2388.0,2347.0,2377.0
2019-04-22,2362.0,2406.0,2351.0,2399.0
2019-04-23,2414.0,2438.0,2414.0,2429.0
2019-04-24,2426.0,2427.0,2362.0,2364.0
2019-04-25,2367.0,2370.0,2321.0,2334.0
2019-04-26,2334.0,2361.0,2321.0,2340.0
2019-05-07,2340.0,2342.0,2308.0,2314.0
2019-05-08,2305.0,2306.0,2260.0,2277.0
2019-05-09,2257.0,2299.0,2200.0,2215.0
2019-05-10,2225.0,2256.0,2211.0,2231.0
2019-05-13,2221.0,2243.0,2201.0,2202.0
2019-05-14,2189.0,2230.0,2170.0,2229.0
2019-05-15,2240.0,2270.0,2211.0,2265.0
2019-05-16,2255.0,2294.0,2255.0,2294.0
2019-05-17,2318.0,2330.0,2296.0,2322.0
2019-05-20,2328.0,2366.0,2328.0,2355.0
2019-05-21,2348.0,2372.0,2343.0,2364.0
2019-05-22,2366.0,2366.0,2305.0,2307.0
2019-05-23,2308.0,2339.0,2298.0,2328.0
2019-05-24,2328.0,2359.0,2309.0,2344.0
2019-05-27,2345.0,2366.0,2345.0,2366.0
2019-05-28,2363.0,2382.0,2323.0,2323.0
2019-05-29,2300.0,2328.0,2281.0,2301.0
2019-05-30,2285.0,2321.0,2272.0,2312.0
2019-05-31,2291.0,2296.0,2270.0,2277.0
2019-06-03,2277.0,2304.0,2254.0,2300.0
2019-06-04,2301.0,2318.0,2268.0,2307.0
2019-06-05,2316.0,2327.0,2263.0,2303.0
2019-06-06,2295.0,2311.0,2284.0,2290.0
2019-06-07,2293.0,2297.0,2237.0,2274.0
2019-06-10,2271.0,2283.0,2263.0,2283.0
2019-06-11,2276.0,2276.0,2242.0,2257.0
2019-06-12,2257.0,2265.0,2226.0,2226.0
2019-06-13,2227.0,2227.0,2188.0,2205.0
2019-06-14,2211.0,2226.0,2197.0,2214.0
2019-06-17,2216.0,2223.0,2179.0,2181.0
2019-06-18,2174.0,2174.0,2106.0,2110.0
2019-06-19,2126.0,2158.0,2102.0,2149.0
2019-06-20,2158.0,2173.0,2127.0,2127.0
2019-06-21,2135.0,2146.0,2025.0,2031.0
2019-06-24,2054.0,2068.0,2037.0,2066.0
2019-06-25,2066.0,2105.0,2066.0,2080.0
2019-06-26,2080.0,2089.0,2052.0,2052.0
2019-06-27,2052.0,2106.0,2043.0,2106.0
2019-06-28,2106.0,2127.0,2106.0,2107.0
2019-07-01,2127.0,2160.0,2118.0,2160.0
2019-07-02,2173.0,2194.0,2161.0,2182.0
2019-07-03,2190.0,2213.0,2182.0,2213.0
2019-07-04,2221.0,2258.0,2221.0,2253.0
2019-07-05,2264.0,2265.0,2230.0,2252.0
2019-07-08,2252.0,2252.0,2226.0,2228.0
2019-07-09,2230.0,2260.0,2230.0,2248.0
2019-07-10,2250.0,2268.0,2240.0,2240.0
2019-07-11,2241.0,2259.0,2232.0,2244.0
2019-07-12,2257.0,2273.0,2248.0,2253.0
2019-07-16,2233.0,2234.0,2209.0,2211.0
2019-07-17,2195.0,2214.0,2187.0,2187.0
2019-07-18,2171.0,2178.0,2067.0,2078.0
2019-07-19,2095.0,2159.0,2095.0,2154.0
2019-07-22,2150.0,2169.0,2133.0,2152.0
2019-07-23,2152.0,2190.0,2146.0,2172.0
2019-07-24,2172.0,2197.0,2156.0,2187.0
2019-07-25,2187.0,2211.0,2187.0,2209.0
2019-07-26,2209.0,2239.0,2209.0,2238.0
2019-07-29,2243.0,2270.0,2222.0,2265.0
2019-07-30,2274.0,2313.0,2274.0,2313.0
2019-07-31,2263.0,2300.0,2261.0,2272.0
2019-08-01,2272.0,2295.0,2258.0,2270.0
2019-08-02,2220.0,2240.0,2156.0,2160.0
2019-08-05,2133.0,2136.0,2091.0,2117.0
2019-08-06,2087.0,2114.0,2055.0,2103.0
2019-08-07,2081.0,2113.0,2081.0,2100.0
2019-08-08,2100.0,2115.0,2077.0,2111.0
2019-08-09,2132.0,2140.0,2113.0,2131.0
2019-08-13,2109.0,2118.0,2084.0,2103.0
2019-08-14,2125.0,2129.0,2091.0,2127.0
2019-08-15,2081.0,2123.0,2075.0,2100.0
2019-08-16,2083.0,2103.0,2074.0,2086.0
2019-08-19,2102.0,2102.0,2050.0,2068.0
2019-08-20,2068.0,2128.0,2068.0,2124.0
2019-08-21,2100.0,2106.0,2059.0,2082.0
2019-08-22,2097.0,2128.0,2079.0,2122.0
2019-08-23,2122.0,2137.0,2094.0,2103.0
2019-08-26,2055.0,2079.0,2051.0,2052.0
2019-08-27,2079.0,2100.0,2077.0,2077.0
2019-08-28,2074.0,2102.0,2074.0,2087.0
2019-08-29,2073.0,2175.0,2073.0,2153.0
2019-08-30,2147.0,2220.0,2147.0,2217.0
2019-09-02,2212.0,2212.0,2180.0,2180.0
2019-09-03,2180.0,2213.0,2174.0,2212.0
2019-09-04,2195.0,2228.0,2180.0,2194.0
2019-09-05,2213.0,2278.0,2213.0,2277.0
2019-09-06,2276.0,2285.0,2260.0,2260.0
2019-09-09,2254.0,2267.0,2245.0,2257.0
2019-09-10,2265.0,2277.0,2244.0,2253.0
2019-09-11,2263.0,2375.0,2261.0,2372.0
2019-09-12,2379.0,2401.0,2349.0,2377.0
2019-09-13,2398.0,2427.0,2366.0,2420.0
2019-09-17,2426.0,2426.0,2376.0,2403.0
2019-09-18,2420.0,2420.0,2372.0,2396.0
2019-09-19,2383.0,2446.0,2383.0,2440.0
2019-09-20,2450.0,2453.0,2401.0,2429.0
2019-09-24,2401.0,2425.0,2373.0,2380.0
2019-09-25,2380.0,2445.0,2380.0,2441.0
2019-09-26,2457.0,2495.0,2452.0,2482.0
2019-09-27,2478.0,2478.0,2398.0,2417.0
2019-09-30,2398.0,2398.0,2355.0,2370.0
2019-10-01,2370.0,2422.0,2370.0,2397.0
2019-10-02,2414.0,2460.0,2406.0,2449.0
2019-10-03,2376.0,2400.0,2374.0,2399.0
2019-10-04,2416.0,2419.0,2353.0,2407.0
2019-10-07,2407.0,2415.0,2375.0,2399.0
2019-10-08,2419.0,2430.0,2401.0,2421.0
2019-10-09,2391.0,2454.0,2391.0,2440.0
2019-10-10,2436.0,2436.0,2376.0,2380.0
2019-10-11,2380.0,2381.0,2356.0,2367.0
2019-10-15,2411.0,2433.0,2388.0,2408.0
2019-10-16,2450.0,2476.0,2442.0,2476.0
2019-10-17,2473.0,2473.0,2411.0,2421.0
2019-10-18,2444.0,2458.0,2389.0,2419.0
2019-10-21,2439.0,2448.0,2414.0,2431.0
2019-10-23,2459.0,2464.0,2426.0,2461.0
2019-10-24,2479.0,2479.0,2454.0,2463.0
2019-10-25,2463.0,2463.0,2426.0,2445.0
2019-10-28,2440.0,2470.0,2440.0,2464.0
2019-10-29,2490.0,2513.0,2451.0,2469.0
2019-10-30,2426.0,2507.0,2417.0,2504.0
2019-10-31,2504.0,2530.0,2474.0,2511.0
2019-11-01,2508.0,2526.0,2500.0,2516.0
2019-11-05,2525.0,2582.0,2522.0,2571.0
2019-11-06,2565.0,2613.0,2554.0,2608.0
2019-11-07,2608.0,2634.0,2543.0,2557.0
2019-11-08,2600.0,2600.0,2546.0,2566.0
2019-11-11,2580.0,2592.0,2548.0,2558.0
2019-11-12,2547.0,2563.0,2533.0,2551.0
2019-11-13,2550.0,2557.0,2527.0,2527.0
2019-11-14,2528.0,2568.0,2515.0,2515.0
2019-11-15,2552.0,2577.0,2541.0,2575.0
2019-11-18,2591.0,2627.0,2559.0,2559.0
2019-11-19,2580.0,2586.0,2532.0,2538.0
2019-11-20,2516.0,2541.0,2456.0,2464.0
2019-11-21,2460.0,2481.0,2413.0,2471.0
2019-11-22,2469.0,2512.0,2458.0,2475.0
2019-11-25,2476.0,2550.0,2476.0,2522.0
2019-11-26,2525.0,2569.0,2509.0,2509.0
2019-11-27,2509.0,2534.0,2487.0,2500.0
2019-11-28,2492.0,2516.0,2479.0,2482.0
2019-11-29,2482.0,2563.0,2482.0,2517.0
2019-12-02,2531.0,2533.0,2510.0,2520.0
2019-12-03,2492.0,2492.0,2460.0,2465.0
2019-12-04,2440.0,2503.0,2437.0,2503.0
2019-12-05,2477.0,2485.0,2461.0,2474.0
2019-12-06,2477.0,2509.0,2476.0,2494.0
2019-12-09,2494.0,2494.0,2426.0,2437.0
2019-12-10,2450.0,2467.0,2437.0,2437.0
2019-12-11,2437.0,2451.0,2422.0,2435.0
2019-12-12,2460.0,2464.0,2415.0,2419.0
2019-12-13,2487.0,2555.0,2463.0,2549.0
2019-12-16,2574.0,2609.0,2560.0,2603.0
2019-12-17,2610.0,2633.0,2590.0,2629.0
2019-12-18,2629.0,2629.0,2587.0,2608.0
2019-12-19,2619.0,2619.0,2587.0,2618.0
2019-12-20,2618.0,2632.0,2605.0,2609.0
2019-12-23,2609.0,2610.0,2589.0,2601.0
2019-12-24,2592.0,2595.0,2565.0,2569.0
2019-12-25,2569.0,2581.0,2541.0,2547.0
2019-12-26,2546.0,2600.0,2546.0,2597.0
2019-12-27,2610.0,2610.0,2575.0,2597.0
2019-12-30,2576.0,2576.0,2541.0,2542.0
2020-01-06,2542.0,2542.0,2486.0,2488.0
2020-01-07,2517.0,2581.0,2517.0,2565.0
2020-01-08,2530.0,2530.0,2479.0,2491.0
2020-01-09,2494.0,2531.0,2494.0,2525.0
2020-01-10,2522.0,2532.0,2413.0,2478.0
2020-01-14,2478.0,2514.0,2452.0,2491.0
2020-01-15,2506.0,2516.0,2459.0,2478.0
2020-01-16,2459.0,2464.0,2430.0,2430.0
2020-01-17,2455.0,2456.0,2412.0,2412.0
2020-01-20,2425.0,2436.0,2421.0,2421.0
2020-01-21,2440.0,2455.0,2425.0,2425.0
2020-01-22,2430.0,2449.0,2425.0,2428.0
2020-01-23,2425.0,2440.0,2403.0,2407.0
2020-01-24,2407.0,2411.0,2363.0,2363.0
2020-01-27,2330.0,2383.0,2306.0,2365.0
2020-01-28,2330.0,2398.0,2330.0,2382.0
2020-01-29,2381.0,2414.0,2380.0,2397.0
2020-01-30,2347.0,2367.0,2324.0,2343.0
2020-01-31,2367.0,2379.0,2354.0,2357.0
2020-02-03,2345.0,2373.0,2330.0,2349.0
2020-02-04,2325.0,2386.0,2325.0,2385.0
2020-02-05,2420.0,2420.0,2379.0,2396.0
2020-02-06,2446.0,2490.0,2423.0,2480.0
2020-02-07,2485.0,2485.0,2419.0,2450.0
2020-02-10,2420.0,2444.0,2420.0,2440.0
2020-02-12,2456.0,2496.0,2401.0,2419.0
2020-02-13,2414.0,2429.0,2386.0,2403.0
2020-02-14,2383.0,2426.0,2376.0,2425.0
2020-02-17,2392.0,2401.0,2367.0,2383.0
2020-02-18,2425.0,2425.0,2372.0,2386.0
2020-02-19,2412.0,2424.0,2391.0,2391.0
2020-02-20,2387.0,2403.0,2360.0,2360.0
2020-02-21,2326.0,2375.0,2320.0,2366.0
2020-02-25,2366.0,2366.0,2214.0,2261.0
2020-02-26,2214.0,2260.0,2214.0,2248.0
2020-02-27,2214.0,2241.0,2205.0,2221.0
2020-02-28,2200.0,2231.0,2182.0,2185.0
2020-03-02,2170.0,2226.0,2142.0,2210.0
2020-03-03,2220.0,2244.0,2159.0,2159.0
2020-03-04,2150.0,2180.0,2146.0,2146.0
2020-03-05,2157.0,2191.0,2105.0,2106.0
2020-03-06,2100.0,2102.0,2050.0,2050.0
2020-03-09,2003.0,2048.0,1965.0,1972.0
2020-03-10,2062.0,2109.0,1958.0,2109.0
2020-03-11,2072.0,2142.0,2072.0,2104.0
2020-03-12,2057.0,2068.0,2013.0,2039.0
2020-03-13,1989.0,2035.0,1912.0,1980.0
2020-03-16,1970.0,2061.0,1952.0,1998.0
2020-03-17,1980.0,2293.0,1960.0,2268.0
2020-03-18,2274.0,2410.0,2231.0,2313.0
2020-03-19,2400.0,2510.0,2350.0,2494.0
2020-03-23,2519.0,2670.0,2413.0,2653.0
2020-03-24,2628.0,2641.0,2442.0,2479.0
2020-03-25,2480.0,2511.0,2427.0,2508.0
2020-03-26,2485.0,2652.0,2448.0,2652.0
2020-03-27,2635.0,2750.0,2585.0,2750.0
2020-03-30,2640.0,2705.0,2593.0,2690.0
2020-03-31,2682.0,2689.0,2588.0,2611.0
2020-04-01,2611.0,2614.0,2485.0,2499.0
2020-04-02,2485.0,2488.0,2380.0,2386.0
2020-04-03,2601.0,2609.0,2369.0,2434.0
2020-04-06,2384.0,2530.0,2380.0,2522.0
2020-04-07,2517.0,2650.0,2487.0,2650.0
2020-04-08,2614.0,2700.0,2572.0,2647.0
2020-04-09,2627.0,2640.0,2491.0,2554.0
2020-04-10,2564.0,2607.0,2513.0,2607.0
2020-04-13,2610.0,2619.0,2551.0,2566.0
2020-04-14,2569.0,2597.0,2505.0,2537.0
2020-04-15,2579.0,2579.0,2519.0,2532.0
2020-04-16,2532.0,2628.0,2532.0,2628.0
2020-04-17,2628.0,2655.0,2571.0,2581.0
2020-04-20,2566.0,2621.0,2563.0,2620.0
2020-04-21,2582.0,2625.0,2580.0,2620.0
2020-04-22,2640.0,2742.0,2629.0,2740.0
2020-04-23,2740.0,2748.0,2690.0,2748.0
2020-04-24,2748.0,2748.0,2673.0,2686.0
2020-04-27,2704.0,2704.0,2613.0,2670.0
2020-04-28,2659.0,2669.0,2621.0,2625.0
2020-04-30,2699.0,2699.0,2652.0,2669.0
2020-05-01,2643.0,2697.0,2621.0,2690.0
2020-05-07,2690.0,2696.0,2636.0,2656.0
2020-05-08,2682.0,2723.0,2679.0,2718.0
2020-05-11,2727.0,2727.0,2614.0,2627.0
2020-05-12,2627.0,2631.0,2566.0,2584.0
2020-05-13,2560.0,2602.0,2551.0,2601.0
2020-05-14,2575.0,2579.0,2523.0,2525.0
2020-05-15,2545.0,2565.0,2500.0,2552.0
2020-05-18,2581.0,2581.0,2513.0,2552.0
2020-05-19,2602.0,2602.0,2541.0,2595.0
2020-05-20,2600.0,2613.0,2552.0,2590.0
2020-05-21,2590.0,2590.0,2540.0,2561.0
2020-05-22,2561.0,2562.0,2531.0,2562.0
2020-05-25,2565.0,2584.0,2535.0,2543.0
2020-05-26,2573.0,2671.0,2517.0,2659.0
2020-05-27,2635.0,2639.0,2564.0,2623.0
2020-05-28,2660.0,2692.0,2604.0,2689.0
2020-05-29,2673.0,2700.0,2615.0,2627.0
2020-06-01,2628.0,2643.0,2581.0,2617.0
2020-06-02,2634.0,2654.0,2599.0,2639.0
2020-06-03,2659.0,2662.0,2618.0,2650.0
2020-06-04,2678.0,2678.0,2640.0,2671.0
2020-06-05,2664.0,2664.0,2623.0,2625.0
2020-06-08,2673.0,2695.0,2627.0,2695.0
2020-06-09,2696.0,2696.0,2626.0,2649.0
2020-06-10,2638.0,2657.0,2590.0,2590.0
2020-06-11,2601.0,2614.0,2543.0,2556.0
2020-06-12,2523.0,2580.0,2510.0,2545.0
2020-06-15,2545.0,2569.0,2528.0,2543.0
2020-06-16,2592.0,2780.0,2542.0,2768.0
2020-06-17,2759.0,2793.0,2710.0,2736.0
2020-06-18,2736.0,2772.0,2677.0,2681.0
2020-06-19,2731.0,2737.0,2631.0,2635.0
2020-06-22,2630.0,2634.0,2562.0,2580.0
2020-06-23,2592.0,2623.0,2555.0,2591.0
2020-06-24,2591.0,2591.0,2565.0,2577.0
2020-06-25,2577.0,2650.0,2574.0,2607.0
2020-06-26,2657.0,2719.0,2657.0,2706.0
2020-06-29,2720.0,2733.0,2703.0,2731.0
2020-06-30,2731.0,2748.0,2680.0,2690.0
2020-07-01,2691.0,2700.0,2568.0,2583.0
2020-07-02,2597.0,2629.0,2568.0,2576.0
2020-07-03,2588.0,2610.0,2555.0,2606.0
2020-07-06,2611.0,2627.0,2549.0,2608.0
2020-07-07,2625.0,2625.0,2560.0,2580.0
2020-07-08,2572.0,2612.0,2525.0,2531.0
2020-07-09,2531.0,2586.0,2517.0,2568.0
2020-07-10,2568.0,2600.0,2484.0,2492.0
2020-07-13,2539.0,2596.0,2500.0,2581.0
2020-07-14,2581.0,2581.0,2514.0,2521.0
2020-07-15,2500.0,2507.0,2417.0,2465.0
2020-07-16,2489.0,2580.0,2485.0,2572.0
2020-07-17,2549.0,2563.0,2502.0,2516.0
2020-07-20,2529.0,2556.0,2503.0,2554.0
2020-07-21,2552.0,2552.0,2511.0,2543.0
2020-07-22,2543.0,2576.0,2543.0,2548.0
2020-07-27,2548.0,2627.0,2520.0,2627.0
2020-07-28,2622.0,2642.0,2575.0,2607.0
2020-07-29,2601.0,2640.0,2525.0,2536.0
2020-07-30,2538.0,2559.0,2351.0,2376.0
2020-07-31,2380.0,2381.0,2243.0,2246.0
2020-08-03,2273.0,2359.0,2261.0,2355.0
2020-08-04,2355.0,2400.0,2355.0,2394.0
2020-08-05,2394.0,2398.0,2331.0,2375.0
2020-08-06,2364.0,2364.0,2323.0,2340.0
2020-08-07,2347.0,2371.0,2333.0,2357.0
2020-08-11,2380.0,2494.0,2380.0,2493.0
2020-08-12,2499.0,2555.0,2476.0,2534.0
2020-08-13,2552.0,2563.0,2498.0,2553.0
2020-08-14,2588.0,2588.0,2538.0,2555.0
2020-08-17,2560.0,2560.0,2499.0,2508.0
2020-08-18,2508.0,2513.0,2482.0,2496.0
2020-08-19,2512.0,2512.0,2473.0,2491.0
2020-08-20,2483.0,2492.0,2421.0,2427.0
2020-08-21,2443.0,2457.0,2422.0,2456.0
2020-08-24,2447.0,2487.0,2447.0,2487.0
2020-08-25,2510.0,2533.0,2501.0,2531.0
2020-08-26,2531.0,2533.0,2450.0,2479.0
2020-08-27,2471.0,2496.0,2448.0,2448.0
2020-08-28,2489.0,2519.0,2424.0,2455.0
2020-08-31,2474.0,2505.0,2463.0,2463.0
2020-09-01,2463.0,2480.0,2445.0,2452.0
2020-09-02,2452.0,2468.0,2415.0,2458.0
2020-09-03,2488.0,2500.0,2453.0,2483.0
2020-09-04,2473.0,2488.0,2450.0,2452.0
2020-09-07,2487.0,2510.0,2447.0,2488.0
2020-09-08,2468.0,2582.0,2468.0,2570.0
2020-09-09,2516.0,2562.0,2484.0,2539.0
2020-09-10,2556.0,2621.0,2550.0,2608.0
2020-09-11,2640.0,2697.0,2612.0,2685.0
2020-09-14,2680.0,2717.0,2678.0,2709.0
2020-09-15,2709.0,2709.0,2661.0,2690.0
2020-09-16,2690.0,2785.0,2684.0,2778.0
2020-09-17,2770.0,2790.0,2703.0,2707.0
2020-09-18,2723.0,2749.0,2684.0,2731.0
2020-09-23,2681.0,2707.0,2654.0,2694.0
2020-09-24,2700.0,2706.0,2643.0,2693.0
2020-09-25,2693.0,2766.0,2693.0,2762.0
2020-09-28,2794.0,2855.0,2762.0,2847.0
2020-09-29,2834.0,2839.0,2760.0,2811.0
2020-09-30,2808.0,2808.0,2641.0,2642.0
2020-10-02,2642.0,2645.0,2595.0,2609.0
2020-10-05,2659.0,2713.0,2643.0,2685.0
2020-10-06,2685.0,2712.0,2676.0,2699.0
2020-10-07,2671.0,2707.0,2660.0,2686.0
2020-10-08,2691.0,2707.0,2664.0,2675.0
2020-10-09,2687.0,2687.0,2590.0,2650.0
2020-10-12,2647.0,2669.0,2620.0,2654.0
2020-10-13,2654.0,2660.0,2620.0,2651.0
2020-10-14,2629.0,2632.0,2570.0,2575.0
2020-10-15,2575.0,2610.0,2554.0,2596.0
2020-10-16,2596.0,2596.0,2552.0,2552.0
2020-10-19,2589.0,2626.0,2585.0,2625.0
2020-10-20,2628.0,2633.0,2552.0,2568.0
2020-10-21,2556.0,2616.0,2556.0,2581.0
2020-10-22,2589.0,2590.0,2547.0,2554.0
2020-10-23,2556.0,2563.0,2519.0,2529.0
2020-10-26,2500.0,2549.0,2500.0,2518.0
2020-10-27,2524.0,2524.0,2479.0,2520.0
2020-10-28,2508.0,2547.0,2495.0,2531.0
2020-10-29,2500.0,2523.0,2498.0,2502.0
2020-10-30,2491.0,2518.0,2470.0,2510.0
2020-11-02,2533.0,2649.0,2533.0,2633.0
2020-11-04,2650.0,2653.0,2540.0,2608.0
2020-11-05,2606.0,2742.0,2606.0,2715.0
2020-11-06,2674.0,2773.0,2674.0,2756.0
2020-11-09,2767.0,2792.0,2750.0,2787.0
2020-11-10,2800.0,2848.0,2748.0,2769.0
2020-11-11,2819.0,3000.0,2817.0,2999.0
2020-11-12,2990.0,3005.0,2945.0,3005.0
2020-11-13,3000.0,3065.0,2963.0,3065.0
2020-11-16,3065.0,3185.0,3065.0,3130.0
2020-11-17,3060.0,3115.0,3030.0,3070.0
2020-11-18,3050.0,3150.0,3050.0,3145.0
2020-11-19,3130.0,3140.0,3080.0,3135.0
2020-11-20,3135.0,3180.0,3130.0,3155.0
2020-11-24,3185.0,3325.0,3185.0,3255.0
2020-11-25,3300.0,3310.0,3210.0,3275.0
2020-11-26,3260.0,3325.0,3245.0,3285.0
2020-11-27,3290.0,3335.0,3265.0,3305.0
2020-11-30,3305.0,3855.0,3185.0,3550.0
2020-12-01,3520.0,3630.0,3470.0,3555.0
2020-12-02,3580.0,3615.0,3455.0,3490.0
2020-12-03,3505.0,3640.0,3495.0,3565.0
2020-12-04,3510.0,3560.0,3375.0,3380.0
2020-12-07,3355.0,3360.0,3245.0,3270.0
2020-12-08,3270.0,3390.0,3265.0,3390.0
2020-12-09,3365.0,3480.0,3360.0,3480.0
2020-12-10,3500.0,3635.0,3460.0,3605.0
2020-12-11,3575.0,3590.0,3445.0,3530.0
2020-12-14,3500.0,3500.0,3370.0,3385.0
2020-12-15,3385.0,3400.0,3290.0,3315.0
2020-12-16,3300.0,3335.0,3115.0,3160.0
2020-12-17,3150.0,3255.0,3115.0,3190.0
2020-12-18,3185.0,3185.0,3105.0,3165.0
2020-12-21,3190.0,3200.0,3085.0,3120.0
2020-12-22,3065.0,3085.0,3025.0,3050.0
2020-12-23,3030.0,3035.0,2972.0,3030.0
2020-12-24,3070.0,3090.0,3040.0,3080.0
2020-12-25,3080.0,3080.0,3030.0,3045.0
2020-12-28,3015.0,3205.0,3015.0,3185.0
2020-12-29,3155.0,3225.0,3155.0,3200.0
2020-12-30,3220.0,3220.0,3085.0,3110.0
2021-01-04,3130.0,3205.0,3100.0,3160.0
2021-01-05,3190.0,3190.0,3120.0,3130.0
2021-01-06,3135.0,3145.0,3110.0,3130.0
2021-01-07,3130.0,3210.0,3125.0,3210.0
2021-01-08,3200.0,3260.0,3175.0,3245.0
2021-01-12,3275.0,3330.0,3245.0,3315.0
2021-01-13,3265.0,3275.0,3130.0,3155.0
2021-01-14,3145.0,3185.0,3105.0,3125.0
2021-01-15,3105.0,3175.0,3015.0,3020.0
2021-01-18,3090.0,3090.0,3040.0,3050.0
2021-01-19,3100.0,3100.0,3050.0,3055.0
2021-01-20,3055.0,3055.0,2979.0,3030.0
2021-01-21,3005.0,3070.0,3005.0,3005.0
2021-01-22,3015.0,3015.0,2973.0,2984.0
2021-01-25,2984.0,3035.0,2966.0,3025.0
2021-01-26,3045.0,3080.0,3010.0,3075.0
2021-01-27,3050.0,3075.0,3010.0,3055.0
2021-01-28,3055.0,3090.0,2955.0,3020.0
2021-01-29,3020.0,3040.0,2875.0,2884.0
2021-02-01,2886.0,2967.0,2846.0,2849.0
2021-02-02,2849.0,2933.0,2844.0,2912.0
2021-02-03,2876.0,2969.0,2876.0,2965.0
2021-02-04,2957.0,2987.0,2901.0,2904.0
2021-02-05,2911.0,2919.0,2857.0,2910.0
2021-02-08,2910.0,3000.0,2889.0,2993.0
2021-02-09,2993.0,2993.0,2928.0,2979.0
2021-02-10,2973.0,2975.0,2930.0,2944.0
2021-02-12,2950.0,2950.0,2871.0,2896.0
2021-02-15,2916.0,2959.0,2895.0,2958.0
2021-02-16,2963.0,3040.0,2959.0,3030.0
2021-02-17,3020.0,3040.0,2996.0,2996.0
2021-02-18,2987.0,2987.0,2878.0,2893.0
2021-02-19,2923.0,2933.0,2863.0,2923.0
2021-02-22,2986.0,2986.0,2860.0,2936.0
2021-02-24,2908.0,2945.0,2833.0,2839.0
2021-02-25,2857.0,2907.0,2852.0,2898.0
2021-02-26,2898.0,2898.0,2853.0,2857.0
2021-03-01,2886.0,2946.0,2861.0,2942.0
2021-03-02,2942.0,2942.0,2821.0,2848.0
2021-03-03,2848.0,2893.0,2831.0,2893.0
2021-03-04,2857.0,2892.0,2837.0,2884.0
2021-03-05,2913.0,2944.0,2860.0,2932.0
2021-03-08,2990.0,3030.0,2961.0,2992.0
2021-03-09,3030.0,3170.0,3025.0,3150.0
2021-03-10,3145.0,3145.0,3025.0,3040.0
2021-03-11,3040.0,3120.0,3030.0,3115.0
2021-03-12,3085.0,3110.0,3045.0,3065.0
2021-03-15,3095.0,3130.0,3030.0,3130.0
2021-03-16,3130.0,3185.0,3115.0,3170.0
2021-03-17,3165.0,3245.0,3130.0,3245.0
2021-03-18,3230.0,3245.0,3180.0,3185.0
2021-03-19,3145.0,3210.0,3080.0,3180.0
2021-03-22,3180.0,3215.0,3130.0,3185.0
2021-03-23,3195.0,3205.0,3115.0,3135.0
2021-03-24,3120.0,3135.0,3035.0,3050.0
2021-03-25,3050.0,3115.0,3035.0,3110.0
2021-03-26,3150.0,3175.0,3065.0,3170.0
2021-03-29,3195.0,3220.0,3130.0,3215.0
2021-03-30,3170.0,3170.0,3020.0,3080.0
2021-03-31,3050.0,3180.0,3030.0,3170.0
2021-04-01,3170.0,3170.0,3020.0,3020.0
2021-04-02,3090.0,3090.0,2965.0,2968.0
2021-04-05,3010.0,3010.0,2918.0,2947.0
2021-04-06,2934.0,2970.0,2854.0,2871.0
2021-04-07,2872.0,2904.0,2857.0,2880.0
2021-04-08,2846.0,2846.0,2760.0,2779.0
2021-04-09,2767.0,2801.0,2755.0,2778.0
2021-04-12,2784.0,2839.0,2766.0,2807.0
2021-04-13,2814.0,2825.0,2756.0,2765.0
2021-04-14,2765.0,2775.0,2733.0,2775.0
2021-04-15,2796.0,2806.0,2735.0,2747.0
2021-04-16,2747.0,2747.0,2709.0,2731.0
2021-04-19,2744.0,2750.0,2700.0,2705.0
2021-04-20,2690.0,2690.0,2636.0,2636.0
2021-04-21,2586.0,2622.0,2584.0,2612.0
2021-04-22,2635.0,2651.0,2592.0,2641.0
2021-04-23,2621.0,2667.0,2596.0,2600.0
2021-04-26,2600.0,2604.0,2559.0,2584.0
2021-04-27,2584.0,2584.0,2527.0,2530.0
2021-04-28,2580.0,2629.0,2514.0,2519.0
2021-04-30,2521.0,2570.0,2510.0,2545.0
2021-05-06,2546.0,2610.0,2546.0,2572.0
2021-05-07,2599.0,2615.0,2570.0,2571.0
2021-05-10,2563.0,2583.0,2541.0,2553.0
2021-05-11,2538.0,2561.0,2498.0,2505.0
2021-05-12,2490.0,2496.0,2440.0,2461.0
2021-05-13,2461.0,2474.0,2425.0,2430.0
2021-05-14,2451.0,2517.0,2451.0,2481.0
2021-05-17,2495.0,2540.0,2483.0,2529.0
2021-05-18,2529.0,2555.0,2492.0,2540.0
2021-05-19,2500.0,2528.0,2487.0,2503.0
2021-05-20,2530.0,2542.0,2511.0,2518.0
2021-05-21,2502.0,2530.0,2495.0,2513.0
2021-05-24,2512.0,2553.0,2512.0,2521.0
2021-05-25,2522.0,2534.0,2495.0,2503.0
2021-05-26,2503.0,2503.0,2450.0,2461.0
2021-05-27,2457.0,2481.0,2440.0,2456.0
2021-05-28,2468.0,2520.0,2465.0,2508.0
2021-05-31,2502.0,2515.0,2446.0,2450.0
2021-06-01,2451.0,2474.0,2427.0,2446.0
2021-06-02,2434.0,2489.0,2429.0,2489.0
2021-06-03,2475.0,2512.0,2462.0,2477.0
2021-06-04,2457.0,2481.0,2457.0,2469.0
2021-06-07,2470.0,2482.0,2439.0,2443.0
2021-06-08,2450.0,2498.0,2450.0,2487.0
2021-06-09,2490.0,2513.0,2481.0,2498.0
2021-06-10,2488.0,2503.0,2477.0,2494.0
2021-06-11,2514.0,2514.0,2483.0,2491.0
2021-06-14,2491.0,2508.0,2484.0,2495.0
2021-06-15,2481.0,2524.0,2481.0,2516.0
2021-06-16,2520.0,2539.0,2477.0,2488.0
2021-06-17,2488.0,2488.0,2465.0,2467.0
2021-06-18,2500.0,2500.0,2448.0,2478.0
2021-06-21,2448.0,2451.0,2413.0,2417.0
2021-06-22,2450.0,2491.0,2435.0,2483.0
2021-06-23,2480.0,2485.0,2434.0,2445.0
2021-06-24,2440.0,2445.0,2417.0,2424.0
2021-06-25,2440.0,2458.0,2425.0,2451.0
2021-06-28,2451.0,2493.0,2443.0,2487.0
2021-06-29,2454.0,2482.0,2445.0,2479.0
2021-06-30,2479.0,2487.0,2434.0,2434.0
2021-07-01,2444.0,2453.0,2417.0,2419.0
2021-07-02,2445.0,2465.0,2433.0,2465.0
2021-07-05,2457.0,2463.0,2444.0,2459.0
2021-07-06,2470.0,2470.0,2432.0,2468.0
2021-07-07,2457.0,2482.0,2449.0,2476.0
2021-07-08,2479.0,2495.0,2467.0,2467.0
2021-07-09,2440.0,2465.0,2413.0,2450.0
2021-07-12,2490.0,2527.0,2485.0,2515.0
2021-07-13,2540.0,2569.0,2528.0,2558.0
2021-07-14,2527.0,2568.0,2509.0,2509.0
2021-07-15,2532.0,2532.0,2472.0,2476.0
2021-07-16,2468.0,2498.0,2442.0,2452.0
2021-07-19,2431.0,2447.0,2415.0,2425.0
2021-07-20,2420.0,2450.0,2410.0,2442.0
2021-07-21,2443.0,2464.0,2427.0,2448.0
2021-07-26,2479.0,2479.0,2424.0,2426.0
2021-07-27,2457.0,2457.0,2427.0,2449.0
2021-07-28,2449.0,2449.0,2425.0,2435.0
2021-07-29,2438.0,2465.0,2436.0,2460.0
2021-07-30,2450.0,2450.0,2416.0,2426.0
2021-08-02,2441.0,2497.0,2440.0,2497.0
2021-08-03,2494.0,2507.0,2492.0,2496.0
2021-08-04,2485.0,2486.0,2441.0,2443.0
2021-08-05,2440.0,2448.0,2426.0,2448.0
2021-08-06,2452.0,2452.0,2434.0,2445.0
2021-08-10,2444.0,2462.0,2424.0,2431.0
2021-08-11,2455.0,2465.0,2442.0,2463.0
2021-08-12,2476.0,2495.0,2459.0,2488.0
2021-08-13,2475.0,2486.0,2454.0,2455.0
2021-08-16,2442.0,2442.0,2415.0,2419.0
2021-08-17,2445.0,2449.0,2410.0,2410.0
2021-08-18,2415.0,2457.0,2414.0,2442.0
2021-08-19,2433.0,2442.0,2428.0,2434.0
2021-08-20,2452.0,2472.0,2422.0,2429.0
2021-08-23,2429.0,2459.0,2429.0,2449.0
2021-08-24,2449.0,2463.0,2432.0,2442.0
2021-08-25,2442.0,2456.0,2438.0,2445.0
2021-08-26,2445.0,2445.0,2429.0,2435.0
2021-08-27,2430.0,2447.0,2423.0,2433.0
2021-08-30,2450.0,2475.0,2440.0,2475.0
2021-08-31,2441.0,2471.0,2435.0,2445.0
2021-09-01,2445.0,2462.0,2431.0,2444.0
2021-09-02,2444.0,2444.0,2427.0,2433.0
2021-09-03,2435.0,2478.0,2435.0,2470.0
2021-09-06,2480.0,2500.0,2475.0,2499.0
2021-09-07,2518.0,2571.0,2515.0,2564.0
2021-09-08,2564.0,2573.0,2512.0,2528.0
2021-09-09,2500.0,2546.0,2493.0,2507.0
2021-09-10,2476.0,2526.0,2476.0,2526.0
2021-09-13,2514.0,2525.0,2484.0,2525.0
2021-09-14,2507.0,2561.0,2497.0,2561.0
2021-09-15,2511.0,2521.0,2497.0,2510.0
2021-09-16,2510.0,2529.0,2499.0,2529.0
2021-09-17,2530.0,2560.0,2501.0,2560.0
2021-09-21,2548.0,2594.0,2525.0,2564.0
2021-09-22,2557.0,2568.0,2528.0,2528.0
2021-09-24,2565.0,2624.0,2558.0,2617.0
2021-09-27,2618.0,2620.0,2547.0,2551.0
2021-09-28,2536.0,2553.0,2498.0,2536.0
2021-09-29,2470.0,2470.0,2423.0,2445.0
2021-09-30,2455.0,2486.0,2455.0,2476.0
2021-10-01,2476.0,2476.0,2384.0,2399.0
2021-10-04,2409.0,2429.0,2403.0,2418.0
2021-10-05,2416.0,2416.0,2370.0,2379.0
2021-10-06,2389.0,2406.0,2361.0,2379.0
2021-10-07,2401.0,2403.0,2335.0,2340.0
2021-10-08,2372.0,2372.0,2335.0,2338.0
2021-10-11,2334.0,2384.0,2326.0,2384.0
2021-10-12,2373.0,2373.0,2311.0,2320.0
2021-10-13,2319.0,2330.0,2313.0,2315.0
2021-10-14,2315.0,2318.0,2292.0,2298.0
2021-10-15,2315.0,2344.0,2306.0,2340.0
2021-10-18,2339.0,2339.0,2310.0,2333.0
2021-10-19,2333.0,2351.0,2324.0,2338.0
2021-10-20,2338.0,2350.0,2313.0,2339.0
2021-10-21,2339.0,2339.0,2309.0,2325.0
2021-10-22,2310.0,2341.0,2310.0,2330.0
2021-10-25,2318.0,2320.0,2301.0,2304.0
2021-10-26,2320.0,2336.0,2310.0,2317.0
2021-10-27,2313.0,2329.0,2303.0,2306.0
2021-10-28,2306.0,2359.0,2301.0,2329.0
2021-10-29,2329.0,2330.0,2301.0,2324.0
2021-11-01,2349.0,2349.0,2307.0,2336.0
2021-11-02,2306.0,2322.0,2295.0,2295.0
2021-11-04,2319.0,2328.0,2208.0,2208.0
2021-11-05,2258.0,2264.0,2210.0,2218.0
2021-11-08,2222.0,2236.0,2195.0,2195.0
2021-11-09,2201.0,2203.0,2185.0,2185.0
2021-11-10,2185.0,2196.0,2164.0,2184.0
2021-11-11,2182.0,2188.0,2170.0,2176.0
2021-11-12,2176.0,2220.0,2176.0,2218.0
2021-11-15,2218.0,2239.0,2211.0,2228.0
2021-11-16,2237.0,2251.0,2221.0,2221.0
2021-11-17,2218.0,2219.0,2200.0,2203.0
2021-11-18,2208.0,2216.0,2182.0,2187.0
2021-11-19,2187.0,2192.0,2172.0,2183.0
2021-11-22,2180.0,2191.0,2170.0,2189.0
2021-11-24,2207.0,2237.0,2181.0,2181.0
2021-11-25,2190.0,2210.0,2190.0,2196.0
2021-11-26,2197.0,2295.0,2169.0,2295.0
2021-11-29,2195.0,2208.0,2125.0,2137.0
2021-11-30,2155.0,2199.0,2117.0,2120.0
2021-12-01,2119.0,2140.0,2110.0,2124.0
2021-12-02,2124.0,2200.0,2124.0,2159.0
2021-12-03,2175.0,2202.0,2156.0,2202.0
2021-12-06,2224.0,2241.0,2211.0,2218.0
2021-12-07,2212.0,2273.0,2211.0,2258.0
2021-12-08,2262.0,2265.0,2237.0,2258.0
2021-12-09,2258.0,2281.0,2242.0,2264.0
2021-12-10,2309.0,2309.0,2274.0,2291.0
2021-12-13,2291.0,2312.0,2291.0,2303.0
2021-12-14,2320.0,2342.0,2313.0,2339.0
2021-12-15,2346.0,2375.0,2333.0,2368.0
2021-12-16,2391.0,2391.0,2350.0,2375.0
2021-12-17,2381.0,2400.0,2342.0,2399.0
2021-12-20,2371.0,2371.0,2266.0,2266.0
2021-12-21,2316.0,2316.0,2243.0,2279.0
2021-12-22,2293.0,2293.0,2246.0,2259.0
2021-12-23,2159.0,2159.0,2110.0,2129.0
2021-12-24,2129.0,2140.0,2100.0,2121.0
2021-12-27,2121.0,2127.0,2106.0,2109.0
2021-12-28,2121.0,2143.0,2110.0,2130.0
2021-12-29,2117.0,2168.0,2116.0,2146.0
2021-12-30,2121.0,2154.0,2121.0,2125.0
2022-01-04,2138.0,2158.0,2124.0,2154.0
2022-01-05,2162.0,2162.0,2112.0,2125.0
2022-01-06,2120.0,2142.0,2115.0,2117.0
2022-01-07,2121.0,2160.0,2112.0,2132.0
2022-01-11,2150.0,2150.0,2088.0,2103.0
2022-01-12,2112.0,2145.0,2111.0,2138.0
2022-01-13,2148.0,2164.0,2120.0,2147.0
2022-01-14,2164.0,2165.0,2127.0,2138.0
2022-01-17,2140.0,2161.0,2134.0,2138.0
2022-01-18,2158.0,2169.0,2133.0,2134.0
2022-01-19,2136.0,2154.0,2120.0,2126.0
2022-01-20,2124.0,2169.0,2124.0,2126.0
2022-01-21,2154.0,2174.0,2125.0,2168.0
2022-01-24,2163.0,2218.0,2151.0,2217.0
2022-01-25,2217.0,2249.0,2181.0,2182.0
2022-01-26,2195.0,2226.0,2181.0,2218.0
2022-01-27,2237.0,2237.0,2131.0,2134.0
2022-01-28,2184.0,2190.0,2163.0,2178.0
2022-01-31,2151.0,2195.0,2150.0,2183.0
2022-02-01,2189.0,2205.0,2148.0,2156.0
2022-02-02,2168.0,2210.0,2150.0,2201.0
2022-02-03,2200.0,2200.0,2139.0,2157.0
2022-02-04,2171.0,2215.0,2164.0,2212.0
2022-02-07,2179.0,2198.0,2167.0,2180.0
2022-02-08,2177.0,2219.0,2177.0,2212.0
2022-02-09,2216.0,2259.0,2182.0,2258.0
2022-02-10,2265.0,2274.0,2230.0,2258.0
2022-02-14,2268.0,2268.0,2227.0,2251.0
2022-02-15,2251.0,2277.0,2242.0,2259.0
2022-02-16,2264.0,2280.0,2258.0,2273.0
2022-02-17,2272.0,2272.0,2223.0,2228.0
2022-02-18,2229.0,2242.0,2216.0,2227.0
2022-02-21,2206.0,2245.0,2189.0,2237.0
2022-02-22,2237.0,2273.0,2220.0,2249.0
2022-02-24,2249.0,2267.0,2213.0,2267.0
2022-02-25,2267.0,2268.0,2212.0,2236.0
2022-02-28,2258.0,2303.0,2237.0,2299.0
2022-03-01,2323.0,2332.0,2264.0,2280.0
2022-03-02,2244.0,2244.0,2197.0,2197.0
2022-03-03,2186.0,2222.0,2161.0,2170.0
2022-03-04,2153.0,2167.0,2141.0,2147.0
2022-03-07,2121.0,2126.0,2038.0,2066.0
2022-03-08,2042.0,2090.0,2042.0,2083.0
2022-03-09,2072.0,2083.0,2024.0,2041.0
2022-03-10,2091.0,2113.0,2057.0,2107.0
2022-03-11,2057.0,2107.0,2056.0,2078.0
2022-03-14,2070.0,2074.0,2003.0,2005.0
2022-03-15,2006.0,2035.0,2000.0,2009.0
2022-03-16,2006.0,2064.0,2002.0,2037.0
2022-03-17,2053.0,2064.0,2031.0,2051.0
2022-03-18,2051.0,2096.0,2040.0,2080.0
2022-03-22,2107.0,2113.0,2041.0,2044.0
2022-03-23,2087.0,2092.0,2060.0,2085.0
2022-03-24,2065.0,2079.0,2030.0,2069.0
2022-03-25,2073.0,2100.0,2061.0,2095.0
2022-03-28,2096.0,2115.0,2088.0,2089.0
2022-03-29,2102.0,2121.0,2056.0,2085.0
2022-03-30,2139.0,2139.0,2011.0,2030.0
2022-03-31,2021.0,2036.0,1991.0,1995.0
2022-04-01,1995.0,1999.0,1978.0,1986.0
2022-04-04,1988.0,2040.0,1988.0,2017.0
2022-04-05,2030.0,2030.0,2000.0,2006.0
2022-04-06,2004.0,2007.0,1971.0,1980.0
2022-04-07,1978.0,1978.0,1953.0,1970.0
2022-04-08,1960.0,1973.0,1927.0,1961.0
2022-04-11,1959.0,1963.0,1908.0,1938.0
2022-04-12,1921.0,1945.0,1907.0,1915.0
2022-04-13,1916.0,1962.0,1916.0,1949.0
2022-04-14,1923.0,1970.0,1923.0,1942.0
2022-04-15,1940.0,1946.0,1915.0,1926.0
2022-04-18,1909.0,1914.0,1865.0,1892.0
2022-04-19,1900.0,1912.0,1890.0,1892.0
2022-04-20,1908.0,1941.0,1907.0,1931.0
2022-04-21,1943.0,1970.0,1935.0,1968.0
2022-04-22,1940.0,1956.0,1927.0,1954.0
2022-04-25,1918.0,1937.0,1904.0,1914.0
2022-04-26,1954.0,1962.0,1924.0,1939.0
2022-04-27,1911.0,1955.0,1906.0,1928.0
2022-04-28,2003.0,2134.0,1990.0,2129.0
2022-05-02,2125.0,2125.0,2012.0,2059.0
2022-05-06,2061.0,2091.0,2015.0,2063.0
2022-05-09,2063.0,2075.0,2037.0,2048.0
2022-05-10,2040.0,2077.0,2020.0,2056.0
2022-05-11,2021.0,2029.0,2008.0,2024.0
2022-05-12,2016.0,2043.0,2001.0,2015.0
2022-05-13,2005.0,2051.0,1992.0,2049.0
2022-05-16,2049.0,2052.0,1978.0,1989.0
2022-05-17,1993.0,2011.0,1965.0,1983.0
2022-05-18,1986.0,1994.0,1958.0,1964.0
2022-05-19,1948.0,1974.0,1940.0,1962.0
2022-05-20,1962.0,1962.0,1908.0,1941.0
2022-05-23,1959.0,1965.0,1926.0,1935.0
2022-05-24,1923.0,1923.0,1890.0,1896.0
2022-05-25,1910.0,1959.0,1910.0,1948.0
2022-05-26,1948.0,1951.0,1922.0,1931.0
2022-05-27,1950.0,1965.0,1922.0,1939.0
2022-05-30,1933.0,1981.0,1931.0,1965.0
2022-05-31,1955.0,1965.0,1904.0,1906.0
2022-06-01,1911.0,1940.0,1910.0,1923.0
2022-06-02,1923.0,1929.0,1895.0,1898.0
2022-06-03,1916.0,1916.0,1881.0,1892.0
2022-06-06,1886.0,1898.0,1884.0,1898.0
2022-06-07,1904.0,1924.0,1902.0,1902.0
2022-06-08,1900.0,1937.0,1900.0,1937.0
2022-06-09,1936.0,1939.0,1920.0,1926.0
2022-06-10,1903.0,1919.0,1890.0,1900.0
2022-06-13,1895.0,1899.0,1880.0,1886.0
2022-06-14,1862.0,1884.0,1860.0,1871.0
2022-06-15,1868.0,1883.0,1827.0,1827.0
2022-06-16,1839.0,1857.0,1804.0,1824.0
2022-06-17,1814.0,1833.0,1807.0,1818.0
2022-06-20,1833.0,1834.0,1755.0,1763.0
2022-06-21,1769.0,1784.0,1732.0,1745.0
2022-06-22,1762.0,1789.0,1761.0,1773.0
2022-06-23,1770.0,1809.0,1770.0,1808.0
2022-06-24,1809.0,1820.0,1781.0,1794.0
2022-06-27,1812.0,1819.0,1791.0,1810.0
2022-06-28,1803.0,1842.0,1800.0,1838.0
2022-06-29,1835.0,1856.0,1820.0,1846.0
2022-06-30,1846.0,1888.0,1845.0,1887.0
2022-07-01,1899.0,1916.0,1814.0,1817.0
2022-07-04,1857.0,1866.0,1843.0,1857.0
2022-07-05,1851.0,1851.0,1808.0,1829.0
2022-07-06,1808.0,1820.0,1786.0,1806.0
2022-07-07,1822.0,1833.0,1809.0,1813.0
2022-07-08,1817.0,1854.0,1814.0,1838.0
2022-07-11,1842.0,1892.0,1839.0,1866.0
2022-07-12,1866.0,1866.0,1810.0,1818.0
2022-07-13,1839.0,1843.0,1826.0,1843.0
2022-07-14,1835.0,1847.0,1815.0,1824.0
2022-07-15,1843.0,1874.0,1840.0,1859.0
2022-07-19,1869.0,1880.0,1841.0,1852.0
2022-07-20,1877.0,1883.0,1860.0,1873.0
2022-07-21,1861.0,1887.0,1853.0,1874.0
2022-07-22,1865.0,1873.0,1845.0,1872.0
2022-07-25,1872.0,1890.0,1845.0,1847.0
2022-07-26,1848.0,1858.0,1822.0,1827.0
2022-07-27,1827.0,1834.0,1807.0,1810.0
2022-07-28,1828.0,1860.0,1823.0,1860.0
2022-07-29,1860.0,1868.0,1829.0,1845.0
2022-08-01,1830.0,1832.0,1808.0,1822.0
2022-08-02,1820.0,1830.0,1780.0,1781.0
2022-08-03,1790.0,1795.0,1750.0,1751.0
2022-08-04,1763.0,1784.0,1756.0,1763.0
2022-08-05,1760.0,1775.0,1744.0,1758.0
2022-08-08,1748.0,1754.0,1731.0,1732.0
2022-08-09,1750.0,1764.0,1721.0,1732.0
2022-08-10,1738.0,1758.0,1733.0,1749.0
2022-08-12,1752.0,1787.0,1752.0,1769.0
2022-08-15,1769.0,1783.0,1754.0,1759.0
2022-08-16,1760.0,1768.0,1746.0,1754.0
2022-08-17,1760.0,1774.0,1752.0,1768.0
2022-08-18,1765.0,1772.0,1750.0,1760.0
2022-08-19,1768.0,1787.0,1762.0,1786.0
2022-08-22,1773.0,1802.0,1771.0,1797.0
2022-08-23,1795.0,1813.0,1783.0,1806.0
2022-08-24,1806.0,1806.0,1776.0,1777.0
2022-08-25,1777.0,1782.0,1763.0,1767.0
2022-08-26,1767.0,1778.0,1763.0,1765.0
2022-08-29,1750.0,1756.0,1736.0,1756.0
2022-08-30,1768.0,1768.0,1754.0,1765.0
2022-08-31,1858.0,1865.0,1819.0,1832.0
2022-09-01,1812.0,1816.0,1766.0,1775.0
2022-09-02,1777.0,1784.0,1748.0,1760.0
2022-09-05,1751.0,1755.0,1741.0,1746.0
2022-09-06,1748.0,1759.0,1746.0,1751.0
2022-09-07,1751.0,1773.0,1748.0,1773.0
2022-09-08,1773.0,1798.0,1772.0,1797.0
2022-09-09,1780.0,1829.0,1780.0,1828.0
2022-09-12,1832.0,1832.0,1804.0,1822.0
2022-09-13,1825.0,1825.0,1810.0,1814.0
2022-09-14,1782.0,1795.0,1772.0,1790.0
2022-09-15,1804.0,1804.0,1768.0,1771.0
2022-09-16,1769.0,1788.0,1767.0,1786.0
2022-09-20,1797.0,1797.0,1780.0,1791.0
2022-09-21,1788.0,1789.0,1773.0,1781.0
2022-09-22,1777.0,1787.0,1771.0,1787.0
2022-09-26,1782.0,1795.0,1759.0,1763.0
2022-09-27,1760.0,1778.0,1754.0,1768.0
2022-09-28,1763.0,1775.0,1740.0,1771.0
2022-09-29,1774.0,1780.0,1734.0,1773.0
2022-09-30,1757.0,1775.0,1722.0,1727.0
2022-10-03,1727.0,1727.0,1665.0,1673.0
2022-10-04,1713.0,1743.0,1701.0,1736.0
2022-10-05,1747.0,1768.0,1746.0,1750.0
2022-10-06,1749.0,1773.0,1745.0,1754.0
2022-10-07,1733.0,1747.0,1724.0,1729.0
2022-10-11,1701.0,1705.0,1661.0,1670.0
2022-10-12,1676.0,1684.0,1656.0,1656.0
2022-10-13,1652.0,1652.0,1620.0,1632.0
2022-10-14,1668.0,1686.0,1654.0,1672.0
2022-10-17,1659.0,1663.0,1641.0,1647.0
2022-10-18,1653.0,1667.0,1650.0,1658.0
2022-10-19,1658.0,1714.0,1658.0,1706.0
2022-10-20,1677.0,1691.0,1673.0,1689.0
2022-10-21,1682.0,1685.0,1666.0,1675.0
2022-10-24,1675.0,1684.0,1667.0,1678.0
2022-10-25,1684.0,1712.0,1683.0,1701.0
2022-10-26,1701.0,1728.0,1701.0,1715.0
2022-10-27,1724.0,1725.0,1708.0,1714.0
2022-10-28,1709.0,1722.0,1688.0,1712.0
2022-10-31,1732.0,1737.0,1713.0,1725.0
2022-11-01,1722.0,1722.0,1665.0,1675.0
2022-11-02,1679.0,1679.0,1649.0,1652.0
2022-11-04,1652.0,1652.0,1625.0,1628.0
2022-11-07,1629.0,1641.0,1627.0,1634.0
2022-11-08,1635.0,1649.0,1632.0,1636.0
2022-11-09,1637.0,1639.0,1626.0,1633.0
2022-11-10,1624.0,1632.0,1613.0,1618.0
2022-11-11,1632.0,1653.0,1628.0,1633.0
2022-11-14,1629.0,1659.0,1626.0,1650.0
2022-11-15,1651.0,1651.0,1640.0,1640.0
2022-11-16,1637.0,1655.0,1627.0,1647.0
2022-11-17,1647.0,1672.0,1647.0,1664.0
2022-11-18,1674.0,1685.0,1669.0,1683.0
2022-11-21,1675.0,1677.0,1647.0,1650.0
2022-11-22,1666.0,1706.0,1665.0,1694.0
2022-11-24,1694.0,1711.0,1688.0,1707.0
2022-11-25,1707.0,1730.0,1707.0,1724.0
2022-11-28,1724.0,1732.0,1687.0,1702.0
2022-11-29,1684.0,1686.0,1668.0,1676.0
2022-11-30,1659.0,1681.0,1655.0,1678.0
2022-12-01,1685.0,1685.0,1665.0,1672.0
2022-12-02,1675.0,1675.0,1653.0,1663.0
2022-12-05,1663.0,1663.0,1644.0,1650.0
2022-12-06,1642.0,1651.0,1641.0,1642.0
2022-12-07,1649.0,1669.0,1649.0,1664.0
2022-12-08,1674.0,1674.0,1652.0,1660.0
2022-12-09,1660.0,1677.0,1660.0,1677.0
2022-12-12,1677.0,1685.0,1673.0,1680.0
2022-12-13,1692.0,1699.0,1683.0,1689.0
2022-12-14,1685.0,1694.0,1677.0,1692.0
2022-12-15,1691.0,1708.0,1687.0,1689.0
2022-12-16,1680.0,1683.0,1667.0,1673.0
2022-12-19,1673.0,1684.0,1669.0,1674.0
2022-12-20,1674.0,1687.0,1649.0,1663.0
2022-12-21,1665.0,1668.0,1648.0,1655.0
2022-12-22,1665.0,1676.0,1655.0,1671.0
2022-12-23,1671.0,1684.0,1666.0,1680.0
2022-12-26,1675.0,1679.0,1666.0,1677.0
2022-12-27,1680.0,1692.0,1678.0,1679.0
2022-12-28,1673.0,1688.0,1672.0,1688.0
2022-12-29,1687.0,1708.0,1683.0,1708.0
2022-12-30,1710.0,1725.0,1707.0,1709.0
2023-01-04,1707.0,1707.0,1668.0,1669.0
2023-01-05,1670.0,1681.0,1663.0,1667.0
2023-01-06,1666.0,1674.0,1659.0,1669.0
2023-01-10,1680.0,1681.0,1661.0,1668.0
2023-01-11,1675.0,1689.0,1670.0,1674.0
2023-01-12,1672.0,1686.0,1668.0,1676.0
2023-01-13,1669.0,1679.0,1665.0,1673.0
2023-01-16,1666.0,1684.0,1666.0,1676.0
2023-01-17,1681.0,1694.0,1680.0,1691.0
2023-01-18,1700.0,1716.0,1696.0,1709.0
2023-01-19,1709.0,1711.0,1692.0,1695.0
2023-01-20,1695.0,1709.0,1692.0,1703.0
2023-01-23,1711.0,1727.0,1710.0,1727.0
2023-01-24,1736.0,1751.0,1730.0,1746.0
2023-01-25,1746.0,1746.0,1728.0,1732.0
2023-01-26,1740.0,1745.0,1734.0,1738.0
2023-01-27,1740.0,1770.0,1740.0,1752.0
2023-01-30,1766.0,1771.0,1756.0,1756.0
2023-01-31,1761.0,1843.0,1761.0,1834.0
2023-02-01,1834.0,1834.0,1767.0,1772.0
2023-02-02,1776.0,1819.0,1776.0,1798.0
2023-02-03,1789.0,1790.0,1765.0,1775.0
2023-02-06,1779.0,1788.0,1775.0,1781.0
2023-02-07,1784.0,1792.0,1767.0,1767.0
2023-02-08,1777.0,1787.0,1760.0,1765.0
2023-02-09,1767.0,1774.0,1763.0,1765.0
2023-02-10,1756.0,1767.0,1752.0,1759.0
2023-02-13,1762.0,1766.0,1735.0,1740.0
2023-02-14,1758.0,1759.0,1747.0,1755.0
2023-02-15,1760.0,1768.0,1755.0,1760.0
2023-02-16,1761.0,1768.0,1749.0,1751.0
2023-02-17,1745.0,1750.0,1737.0,1737.0
2023-02-20,1750.0,1778.0,1750.0,1773.0
2023-02-21,1778.0,1786.0,1775.0,1779.0
2023-02-22,1779.0,1788.0,1761.0,1773.0
2023-02-24,1775.0,1797.0,1775.0,1788.0
2023-02-27,1788.0,1812.0,1788.0,1805.0
2023-02-28,1825.0,1830.0,1790.0,1830.0
2023-03-01,1818.0,1819.0,1785.0,1788.0
2023-03-02,1803.0,1810.0,1784.0,1787.0
2023-03-03,1800.0,1820.0,1797.0,1807.0
2023-03-06,1823.0,1827.0,1801.0,1806.0
2023-03-07,1807.0,1828.0,1807.0,1824.0
2023-03-08,1818.0,1832.0,1818.0,1825.0
2023-03-09,1836.0,1844.0,1828.0,1844.0
2023-03-10,1834.0,1843.0,1816.0,1819.0
2023-03-13,1809.0,1809.0,1775.0,1787.0
2023-03-14,1770.0,1771.0,1737.0,1754.0
2023-03-15,1780.0,1787.0,1772.0,1779.0
2023-03-16,1744.0,1777.0,1740.0,1773.0
2023-03-17,1786.0,1797.0,1780.0,1790.0
2023-03-20,1790.0,1791.0,1752.0,1754.0
2023-03-22,1771.0,1771.0,1740.0,1746.0
2023-03-23,1732.0,1736.0,1720.0,1735.0
2023-03-24,1725.0,1737.0,1716.0,1731.0
2023-03-27,1746.0,1748.0,1731.0,1731.0
2023-03-28,1736.0,1737.0,1716.0,1717.0
2023-03-29,1734.0,1750.0,1725.0,1749.0
2023-03-30,1708.0,1727.0,1707.0,1718.0
2023-03-31,1736.0,1745.0,1732.0,1735.0
2023-04-03,1749.0,1769.0,1741.0,1763.0
2023-04-04,1767.0,1789.0,1764.0,1784.0
2023-04-05,1769.0,1772.0,1742.0,1745.0
2023-04-06,1741.0,1765.0,1740.0,1754.0
2023-04-07,1755.0,1761.0,1741.0,1754.0
2023-04-10,1771.0,1785.0,1764.0,1765.0
2023-04-11,1766.0,1784.0,1766.0,1784.0
2023-04-12,1790.0,1804.0,1784.0,1800.0
2023-04-13,1789.0,1802.0,1787.0,1799.0
2023-04-14,1799.0,1814.0,1798.0,1804.0
2023-04-17,1809.0,1815.0,1797.0,1813.0
2023-04-18,1819.0,1823.0,1809.0,1813.0
2023-04-19,1807.0,1813.0,1802.0,1812.0
2023-04-20,1811.0,1816.0,1800.0,1801.0
2023-04-21,1799.0,1826.0,1793.0,1822.0
2023-04-24,1823.0,1833.0,1816.0,1824.0
2023-04-25,1835.0,1844.0,1807.0,1809.0
2023-04-26,1817.0,1833.0,1797.0,1820.0
2023-04-27,1808.0,1834.0,1797.0,1798.0
2023-04-28,1819.0,1899.0,1819.0,1893.0
2023-05-01,1899.0,1930.0,1894.0,1924.0
2023-05-02,1926.0,1929.0,1896.0,1926.0
2023-05-08,1930.0,1952.0,1921.0,1932.0
2023-05-09,1933.0,1974.0,1933.0,1969.0
2023-05-10,1969.0,1969.0,1928.0,1948.0
2023-05-11,1930.0,1942.0,1923.0,1941.0
2023-05-12,1937.0,1971.0,1920.0,1958.0
2023-05-15,1972.0,1978.0,1955.0,1958.0
2023-05-16,1969.0,2005.0,1955.0,2004.0
2023-05-17,2004.0,2013.0,1994.0,2004.0
2023-05-18,2012.0,2012.0,1975.0,1978.0
2023-05-19,1975.0,1975.0,1952.0,1961.0
2023-05-22,1962.0,1993.0,1962.0,1992.0
2023-05-23,1995.0,2018.0,1969.0,1987.0
2023-05-24,1990.0,2037.0,1990.0,2020.0
2023-05-25,2017.0,2050.0,2013.0,2047.0
2023-05-26,2050.0,2050.0,2011.0,2020.0
2023-05-29,2035.0,2039.0,2012.0,2016.0
2023-05-30,2000.0,2010.0,1987.0,2004.0
2023-05-31,1985.0,1999.0,1950.0,1960.0
2023-06-01,1966.0,1996.0,1964.0,1982.0
2023-06-02,1994.0,2030.0,1994.0,2027.0
2023-06-05,2055.0,2055.0,2020.0,2049.0
2023-06-06,2040.0,2073.0,2031.0,2073.0
2023-06-07,2100.0,2126.0,2087.0,2094.0
2023-06-08,2120.0,2146.0,2115.0,2136.0
2023-06-09,2146.0,2156.0,2119.0,2136.0
2023-06-12,2150.0,2152.0,2119.0,2147.0
2023-06-13,2150.0,2178.0,2146.0,2155.0
2023-06-14,2184.0,2184.0,2120.0,2123.0
2023-06-15,2138.0,2158.0,2130.0,2134.0
2023-06-16,2143.0,2157.0,2082.0,2082.0
2023-06-19,2111.0,2125.0,2057.0,2076.0
2023-06-20,2077.0,2084.0,2053.0,2075.0
2023-06-21,2064.0,2093.0,2060.0,2060.0
2023-06-22,2070.0,2088.0,2057.0,2067.0
2023-06-23,2068.0,2109.0,2068.0,2084.0
2023-06-26,2084.0,2089.0,2032.0,2043.0
2023-06-27,2039.0,2080.0,2035.0,2074.0
2023-06-28,2085.0,2100.0,2068.0,2098.0
2023-06-29,2100.0,2108.0,2085.0,2096.0
2023-06-30,2096.0,2099.0,2047.0,2070.0
2023-07-03,2088.0,2100.0,2083.0,2092.0
2023-07-04,2083.0,2083.0,2060.0,2060.0
2023-07-05,2050.0,2064.0,2049.0,2056.0
2023-07-06,2045.0,2053.0,2027.0,2027.0
2023-07-07,2014.0,2041.0,1995.0,2030.0
2023-07-10,2024.0,2036.0,2016.0,2023.0
2023-07-11,2012.0,2018.0,1978.0,1982.0
2023-07-12,1994.0,1994.0,1963.0,1976.0
2023-07-13,1976.0,1979.0,1953.0,1970.0
2023-07-14,1976.0,1982.0,1940.0,1952.0
2023-07-18,1952.0,1977.0,1951.0,1968.0
2023-07-19,1988.0,1990.0,1972.0,1988.0
2023-07-20,1995.0,2005.0,1978.0,1996.0
2023-07-21,2016.0,2021.0,1998.0,2017.0
2023-07-24,2039.0,2039.0,2017.0,2028.0
2023-07-25,2031.0,2052.0,2030.0,2048.0
2023-07-26,2048.0,2054.0,2027.0,2051.0
2023-07-27,2040.0,2084.0,2032.0,2071.0
2023-07-28,2049.0,2064.0,2021.0,2058.0
2023-07-31,2087.0,2094.0,2059.0,2086.0
2023-08-01,2086.0,2086.0,2019.0,2059.0
2023-08-02,2045.0,2045.0,2002.0,2007.0
2023-08-03,2000.0,2009.0,1976.0,1979.0
2023-08-04,1973.0,1979.0,1962.0,1967.0
2023-08-07,1952.0,1973.0,1950.0,1961.0
2023-08-08,1964.0,1985.0,1964.0,1973.0
2023-08-09,1978.0,1993.0,1966.0,1990.0
2023-08-10,1995.0,2017.0,1990.0,2007.0
2023-08-14,2007.0,2025.0,1974.0,1982.0
2023-08-15,1982.0,1996.0,1969.0,1986.0
2023-08-16,1977.0,1997.0,1971.0,1993.0
2023-08-17,1998.0,2005.0,1969.0,1984.0
2023-08-18,1975.0,1979.0,1955.0,1959.0
2023-08-21,1970.0,1988.0,1970.0,1982.0
2023-08-22,1994.0,1994.0,1964.0,1971.0
2023-08-23,1967.0,1984.0,1967.0,1984.0
2023-08-24,1973.0,1998.0,1973.0,1988.0
2023-08-25,1971.0,1989.0,1967.0,1984.0
2023-08-28,1989.0,2004.0,1980.0,1994.0
2023-08-29,2003.0,2011.0,1993.0,2008.0
2023-08-30,2019.0,2027.0,2005.0,2018.0
2023-08-31,2023.0,2040.0,2011.0,2037.0
2023-09-01,2030.0,2044.0,2017.0,2044.0
2023-09-04,2050.0,2059.0,2034.0,2058.0
2023-09-05,2058.0,2075.0,2040.0,2074.0
2023-09-06,2074.0,2083.0,2048.0,2054.0
2023-09-07,2053.0,2085.0,2045.0,2070.0
2023-09-08,2075.0,2093.0,2063.0,2066.0
2023-09-11,2071.0,2083.0,2048.0,2053.0
2023-09-12,2043.0,2061.0,2033.0,2045.0
2023-09-13,2046.0,2067.0,2041.0,2060.0
2023-09-14,2070.0,2071.0,2047.0,2060.0
2023-09-15,2074.0,2120.0,2072.0,2106.0
2023-09-19,2120.0,2120.0,2088.0,2113.0
2023-09-20,2108.0,2108.0,2063.0,2065.0
2023-09-21,2065.0,2089.0,2058.0,2068.0
2023-09-22,2053.0,2061.0,2031.0,2048.0
2023-09-25,2057.0,2059.0,2038.0,2051.0
2023-09-26,2050.0,2052.0,2028.0,2043.0
2023-09-27,2027.0,2042.0,1995.0,2041.0
2023-09-28,1998.0,2010.0,1972.0,1980.0
2023-09-29,1985.0,1985.0,1930.0,1930.0
2023-10-02,1948.0,1972.0,1930.0,1930.0
2023-10-03,1930.0,1930.0,1893.0,1897.0
2023-10-04,1880.0,1880.0,1833.0,1840.0
2023-10-05,1842.0,1888.0,1842.0,1882.0
2023-10-06,1896.0,1917.0,1895.0,1908.0
2023-10-10,1943.0,1958.0,1937.0,1950.0
2023-10-11,1950.0,1959.0,1937.0,1950.0
2023-10-12,1961.0,1961.0,1945.0,1952.0
2023-10-13,1940.0,1947.0,1928.0,1930.0
2023-10-16,1923.0,1935.0,1903.0,1913.0
2023-10-17,1928.0,1947.0,1918.0,1925.0
2023-10-18,1929.0,1937.0,1902.0,1920.0
2023-10-19,1923.0,1928.0,1910.0,1917.0
2023-10-20,1917.0,1953.0,1913.0,1950.0
2023-10-23,1950.0,1960.0,1933.0,1933.0
2023-10-24,1933.0,1941.0,1904.0,1934.0
2023-10-25,1949.0,1981.0,1945.0,1946.0
2023-10-26,1946.0,1958.0,1930.0,1942.0
2023-10-27,1969.0,1969.0,1932.0,1950.0
2023-10-30,1957.0,1976.0,1946.0,1950.0
2023-10-31,1878.0,1920.0,1878.0,1909.0
2023-11-01,1917.0,1950.0,1917.0,1938.0
2023-11-02,1943.0,1987.0,1939.0,1986.0
2023-11-06,1999.0,2018.0,1972.0,1973.0
2023-11-07,1959.0,1981.0,1927.0,1932.0
2023-11-08,1932.0,1934.0,1865.0,1866.0
2023-11-09,1873.0,1899.0,1855.0,1896.0
2023-11-10,1890.0,1902.0,1885.0,1896.0
2023-11-13,1915.0,1915.0,1891.0,1898.0
2023-11-14,1902.0,1902.0,1878.0,1884.0
2023-11-15,1890.0,1902.0,1869.0,1871.0
2023-11-16,1869.0,1881.0,1856.0,1860.0
2023-11-17,1883.0,1887.0,1870.0,1887.0
2023-11-20,1890.0,1898.0,1879.0,1879.0
2023-11-21,1871.0,1880.0,1861.0,1873.0
2023-11-22,1875.0,1884.0,1867.0,1876.0
2023-11-24,1876.0,1885.0,1873.0,1882.0
2023-11-27,1891.0,1891.0,1866.0,1868.0
2023-11-28,1868.0,1875.0,1853.0,1875.0
2023-11-29,1876.0,1890.0,1862.0,1874.0
2023-11-30,1873.0,1873.0,1856.0,1873.0
2023-12-01,1879.0,1893.0,1874.0,1882.0
2023-12-04,1891.0,1891.0,1866.0,1878.0
2023-12-05,1877.0,1886.0,1870.0,1879.0
2023-12-06,1886.0,1925.0,1872.0,1925.0
2023-12-07,1920.0,1923.0,1906.0,1920.0
2023-12-08,1920.0,1925.0,1894.0,1910.0
2023-12-11,1924.0,1942.0,1914.0,1942.0
2023-12-12,1948.0,1968.0,1927.0,1954.0
2023-12-13,1957.0,1960.0,1913.0,1922.0
2023-12-14,1922.0,1939.0,1900.0,1908.0
2023-12-15,1912.0,1929.0,1887.0,1912.0
2023-12-18,1903.0,1903.0,1864.0,1884.0
2023-12-19,1898.0,1898.0,1869.0,1890.0
2023-12-20,1884.0,1905.0,1883.0,1885.0
2023-12-21,1895.0,1937.0,1892.0,1917.0
2023-12-22,1920.0,1943.0,1918.0,1942.0
2023-12-25,1944.0,1953.0,1918.0,1918.0
2023-12-26,1918.0,1935.0,1915.0,1929.0
2023-12-27,1935.0,1943.0,1929.0,1943.0
2023-12-28,1933.0,1944.0,1930.0,1939.0
2023-12-29,1938.0,1959.0,1938.0,1957.0
2024-01-04,1957.0,1981.0,1918.0,1978.0
2024-01-05,1987.0,1994.0,1971.0,1984.0
2024-01-09,1985.0,2025.0,1985.0,2014.0
2024-01-10,2002.0,2024.0,1994.0,2011.0
2024-01-11,2012.0,2033.0,2006.0,2011.0
2024-01-12,2029.0,2029.0,1980.0,1988.0
2024-01-15,1985.0,1999.0,1985.0,1993.0
2024-01-16,1985.0,2012.0,1982.0,1982.0
2024-01-17,1986.0,1994.0,1959.0,1962.0
2024-01-18,1962.0,1962.0,1936.0,1938.0
2024-01-19,1944.0,1944.0,1920.0,1923.0
2024-01-22,1938.0,1944.0,1937.0,1937.0
2024-01-23,1933.0,1941.0,1921.0,1926.0
2024-01-24,1925.0,1930.0,1914.0,1927.0
2024-01-25,1927.0,1935.0,1923.0,1935.0
2024-01-26,1943.0,1943.0,1918.0,1918.0
2024-01-29,1919.0,1943.0,1919.0,1943.0
2024-01-30,1951.0,1953.0,1929.0,1932.0
2024-01-31,1912.0,1940.0,1908.0,1939.0
2024-02-01,1939.0,1939.0,1902.0,1902.0
2024-02-02,1915.0,1940.0,1892.0,1924.0
2024-02-05,1923.0,1940.0,1911.0,1937.0
2024-02-06,1925.0,1925.0,1892.0,1892.0
2024-02-07,1890.0,1903.0,1890.0,1897.0
2024-02-08,1897.0,1904.0,1872.0,1899.0
2024-02-09,1890.0,1900.0,1879.0,1882.0
2024-02-13,1892.0,1892.0,1874.0,1887.0
2024-02-14,1880.0,1880.0,1852.0,1857.0
2024-02-15,1856.0,1857.0,1842.0,1848.0
2024-02-16,1858.0,1868.0,1849.0,1857.0
2024-02-19,1857.0,1887.0,1853.0,1887.0
2024-02-20,1880.0,1891.0,1873.0,1885.0
2024-02-21,1884.0,1888.0,1862.0,1864.0
2024-02-22,1865.0,1878.0,1860.0,1878.0
2024-02-26,1880.0,1886.0,1875.0,1875.0
2024-02-27,1875.0,1888.0,1872.0,1884.0
2024-02-28,1910.0,1923.0,1898.0,1915.0
2024-02-29,1910.0,1920.0,1891.0,1897.0
2024-03-01,1897.0,1901.0,1893.0,1893.0
2024-03-04,1893.0,1894.0,1875.0,1877.0
2024-03-05,1878.0,1878.0,1862.0,1869.0
2024-03-06,1865.0,1888.0,1865.0,1879.0
2024-03-07,1879.0,1911.0,1879.0,1905.0
2024-03-08,1901.0,1924.0,1900.0,1923.0
2024-03-11,1910.0,1922.0,1893.0,1908.0
2024-03-12,1909.0,1910.0,1873.0,1905.0
2024-03-13,1909.0,1917.0,1888.0,1900.0
2024-03-14,1904.0,1927.0,1896.0,1924.0
2024-03-15,1925.0,1943.0,1925.0,1940.0
2024-03-18,1947.0,1948.0,1932.0,1934.0
2024-03-19,1928.0,1930.0,1909.0,1930.0
2024-03-21,1935.0,1942.0,1925.0,1925.0
2024-03-22,1936.0,1941.0,1923.0,1934.0
2024-03-25,1934.0,1934.0,1918.0,1920.0
2024-03-26,1920.0,1935.0,1915.0,1932.0
2024-03-27,1940.0,1946.0,1931.0,1931.0
2024-03-28,1914.0,1914.0,1880.0,1893.0
2024-03-29,1913.0,1924.0,1901.0,1919.0
2024-04-01,1913.0,1925.0,1890.0,1890.0
2024-04-02,1892.0,1900.0,1876.0,1882.0
2024-04-03,1882.0,1905.0,1877.0,1896.0
2024-04-04,1905.0,1933.0,1900.0,1927.0
2024-04-05,1908.0,1929.0,1898.0,1927.0
2024-04-08,1930.0,1935.0,1915.0,1930.0
2024-04-09,1935.0,1935.0,1915.0,1927.0
2024-04-10,1917.0,1956.0,1915.0,1944.0
2024-04-11,1930.0,1976.0,1930.0,1962.0
2024-04-12,1972.0,1977.0,1955.0,1958.0
2024-04-15,1950.0,1981.0,1920.0,1978.0
2024-04-16,1991.0,2009.0,1962.0,1980.0
2024-04-17,1979.0,1979.0,1931.0,1939.0
2024-04-18,1939.0,1950.0,1934.0,1947.0
2024-04-19,1948.0,1966.0,1927.0,1934.0
2024-04-22,1953.0,2012.0,1953.0,2006.0
2024-04-23,2010.0,2033.0,2010.0,2014.0
2024-04-24,2014.0,2014.0,1977.0,1988.0
2024-04-25,1988.0,1996.0,1958.0,1961.0
2024-04-26,1944.0,1958.0,1911.0,1952.0
2024-04-30,1967.0,1975.0,1938.0,1965.0
2024-05-01,1965.0,1975.0,1948.0,1965.0
2024-05-02,1959.0,1985.0,1959.0,1981.0
2024-05-07,1986.0,1993.0,1956.0,1965.0
2024-05-08,1963.0,1972.0,1952.0,1954.0
2024-05-09,1963.0,1967.0,1947.0,1961.0
2024-05-10,1965.0,1967.0,1951.0,1955.0
2024-05-13,1946.0,1946.0,1920.0,1934.0
2024-05-14,1934.0,1946.0,1918.0,1928.0
2024-05-15,1933.0,1936.0,1905.0,1911.0
2024-05-16,1916.0,1922.0,1895.0,1900.0
2024-05-17,1909.0,1918.0,1893.0,1910.0
2024-05-20,1910.0,1921.0,1905.0,1910.0
2024-05-21,1911.0,1926.0,1911.0,1916.0
2024-05-22,1910.0,1916.0,1898.0,1900.0
2024-05-23,1900.0,1915.0,1893.0,1912.0
2024-05-24,1893.0,1933.0,1888.0,1921.0
2024-05-27,1921.0,1926.0,1907.0,1919.0
2024-05-28,1908.0,1926.0,1904.0,1906.0
2024-05-29,1906.0,1914.0,1896.0,1897.0
2024-05-30,1890.0,1907.0,1875.0,1905.0
2024-05-31,1915.0,1941.0,1911.0,1934.0
2024-06-03,1943.0,1974.0,1940.0,1971.0
2024-06-04,1971.0,1982.0,1955.0,1973.0
2024-06-05,1947.0,1975.0,1947.0,1959.0
2024-06-06,1960.0,1967.0,1943.0,1959.0
2024-06-07,1959.0,1961.0,1950.0,1959.0
2024-06-10,1967.0,2019.0,1965.0,2002.0
2024-06-11,2001.0,2013.0,1982.0,1992.0
2024-06-12,2008.0,2008.0,1989.0,1991.0
2024-06-13,2000.0,2000.0,1968.0,1969.0
2024-06-14,1957.0,2000.0,1956.0,1997.0
2024-06-17,1991.0,2000.0,1977.0,1981.0
2024-06-18,1981.0,2014.0,1981.0,2000.0
2024-06-19,2011.0,2032.0,2009.0,2021.0
2024-06-20,2031.0,2039.0,2016.0,2020.0
2024-06-21,2030.0,2061.0,1998.0,2002.0
2024-06-24,2000.0,2019.0,1957.0,1985.0
2024-06-25,1985.0,2033.0,1985.0,2015.0
2024-06-26,2015.0,2044.0,2015.0,2028.0
2024-06-27,2039.0,2040.0,2014.0,2032.0
2024-06-28,2003.0,2014.0,1991.0,2012.0
2024-07-01,2018.0,2020.0,1995.0,2001.0
2024-07-02,2001.0,2011.0,1988.0,1996.0
2024-07-03,1987.0,2003.0,1987.0,1993.0
2024-07-04,2005.0,2015.0,1993.0,2004.0
2024-07-05,2004.0,2008.0,1985.0,1985.0
2024-07-08,1982.0,1986.0,1966.0,1976.0
2024-07-09,1976.0,1983.0,1964.0,1970.0
2024-07-10,1970.0,1970.0,1947.0,1953.0
2024-07-11,1961.0,1962.0,1947.0,1955.0
2024-07-12,1950.0,1975.0,1950.0,1968.0
2024-07-16,1963.0,1982.0,1963.0,1970.0
2024-07-17,1970.0,1980.0,1963.0,1974.0
2024-07-18,1967.0,1993.0,1967.0,1977.0
2024-07-19,1977.0,1977.0,1943.0,1952.0
2024-07-22,1963.0,1963.0,1931.0,1932.0
2024-07-23,1932.0,1941.0,1925.0,1933.0
2024-07-24,1930.0,1930.0,1890.0,1890.0
2024-07-25,1890.0,1901.0,1877.0,1887.0
2024-07-26,1885.0,1896.0,1879.0,1881.0
2024-07-29,1890.0,1915.0,1890.0,1911.0
2024-07-30,1900.0,1907.0,1897.0,1907.0
2024-07-31,1897.0,1934.0,1897.0,1927.0
2024-08-01,1927.0,1927.0,1891.0,1909.0
2024-08-02,1904.0,1923.0,1861.0,1863.0
2024-08-05,1823.0,1826.0,1727.0,1732.0
2024-08-06,1772.0,1857.0,1772.0,1836.0
2024-08-07,1814.0,1883.0,1804.0,1855.0
2024-08-08,1817.0,1868.0,1817.0,1834.0
2024-08-09,1868.0,1881.0,1838.0,1853.0
2024-08-13,1860.0,1878.0,1838.0,1867.0
2024-08-14,1867.0,1901.0,1867.0,1894.0
2024-08-15,1894.0,1902.0,1888.0,1897.0
2024-08-16,1910.0,1932.0,1910.0,1932.0
2024-08-19,1928.0,1934.0,1897.0,1901.0
2024-08-20,1908.0,1913.0,1892.0,1911.0
2024-08-21,1903.0,1914.0,1898.0,1904.0
2024-08-22,1903.0,1918.0,1901.0,1918.0
2024-08-23,1918.0,1933.0,1918.0,1925.0
2024-08-26,1934.0,1938.0,1921.0,1933.0
2024-08-27,1937.0,1950.0,1921.0,1945.0
2024-08-28,1949.0,1949.0,1918.0,1933.0
2024-08-29,1938.0,1938.0,1913.0,1919.0
2024-08-30,1918.0,1932.0,1913.0,1923.0
2024-09-02,1923.0,1926.0,1903.0,1910.0
2024-09-03,1911.0,1935.0,1911.0,1924.0
2024-09-04,1913.0,1926.0,1900.0,1907.0
2024-09-05,1909.0,1915.0,1893.0,1903.0
2024-09-06,1908.0,1914.0,1872.0,1880.0
2024-09-09,1872.0,1894.0,1857.0,1893.0
2024-09-10,1893.0,1893.0,1875.0,1875.0
2024-09-11,1868.0,1871.0,1830.0,1838.0
2024-09-12,1862.0,1872.0,1846.0,1846.0
2024-09-13,1843.0,1856.0,1840.0,1854.0
2024-09-17,1854.0,1867.0,1836.0,1856.0
2024-09-18,1856.0,1866.0,1849.0,1863.0
2024-09-19,1879.0,1885.0,1862.0,1880.0
2024-09-20,1872.0,1881.0,1831.0,1831.0
2024-09-24,1871.0,1871.0,1848.0,1854.0
2024-09-25,1854.0,1865.0,1845.0,1856.0
2024-09-26,1865.0,1896.0,1856.0,1882.0
2024-09-27,1839.0,1858.0,1837.0,1858.0
2024-09-30,1846.0,1846.0,1821.0,1825.0
2024-10-01,1831.0,1832.0,1816.0,1824.0
2024-10-02,1820.0,1834.0,1810.0,1810.0
2024-10-03,1830.0,1832.0,1810.0,1810.0
2024-10-04,1812.0,1827.0,1812.0,1817.0
2024-10-07,1830.0,1841.0,1823.0,1837.0
2024-10-08,1821.0,1831.0,1806.0,1813.0
2024-10-09,1812.0,1812.0,1799.0,1803.0
2024-10-10,1805.0,1805.0,1795.0,1797.0
2024-10-11,1797.0,1801.0,1785.0,1788.0
2024-10-15,1795.0,1830.0,1790.0,1830.0
2024-10-16,1803.0,1825.0,1802.0,1802.0
2024-10-17,1813.0,1830.0,1800.0,1800.0
2024-10-18,1818.0,1818.0,1775.0,1775.0
2024-10-21,1778.0,1778.0,1756.0,1764.0
2024-10-22,1770.0,1770.0,1750.0,1753.0
2024-10-23,1753.0,1759.0,1744.0,1749.0
2024-10-24,1750.0,1755.0,1743.0,1743.0
2024-10-25,1743.0,1743.0,1718.0,1718.0
2024-10-28,1718.0,1748.0,1715.0,1744.0
2024-10-29,1750.0,1783.0,1749.0,1779.0
2024-10-30,1771.0,1787.0,1766.0,1771.0
2024-10-31,1771.0,1800.0,1771.0,1790.0
2024-11-01,1767.0,1782.0,1746.0,1746.0
2024-11-05,1753.0,1753.0,1722.0,1728.0
2024-11-06,1751.0,1757.0,1732.0,1737.0
2024-11-07,1738.0,1786.0,1738.0,1775.0
2024-11-08,1777.0,1788.0,1774.0,1787.0
2024-11-11,1794.0,1803.0,1791.0,1793.0
2024-11-12,1799.0,1815.0,1799.0,1804.0
2024-11-13,1816.0,1816.0,1797.0,1806.0
2024-11-14,1808.0,1808.0,1790.0,1797.0
2024-11-15,1797.0,1820.0,1797.0,1806.0
2024-11-18,1818.0,1823.0,1795.0,1795.0
2024-11-19,1814.0,1814.0,1779.0,1779.0
2024-11-20,1777.0,1787.0,1756.0,1757.0
2024-11-21,1757.0,1764.0,1755.0,1761.0
2024-11-22,1760.0,1773.0,1755.0,1765.0
2024-11-25,1776.0,1788.0,1765.0,1765.0
2024-11-26,1783.0,1783.0,1753.0,1766.0
2024-11-27,1762.0,1766.0,1750.0,1762.0
2024-11-28,1751.0,1765.0,1750.0,1751.0
2024-11-29,1763.0,1772.0,1746.0,1746.0
2024-12-02,1746.0,1751.0,1731.0,1735.0
2024-12-03,1750.0,1770.0,1749.0,1749.0
2024-12-04,1750.0,1751.0,1730.0,1732.0
2024-12-05,1740.0,1743.0,1716.0,1716.0
2024-12-06,1716.0,1728.0,1711.0,1712.0
2024-12-09,1715.0,1715.0,1695.0,1704.0
2024-12-10,1713.0,1713.0,1699.0,1703.0
2024-12-11,1700.0,1706.0,1696.0,1696.0
2024-12-12,1696.0,1722.0,1696.0,1715.0
2024-12-13,1707.0,1723.0,1698.0,1698.0
2024-12-16,1701.0,1708.0,1683.0,1686.0
2024-12-17,1686.0,1696.0,1684.0,1684.0
2024-12-18,1694.0,1712.0,1694.0,1703.0
2024-12-19,1700.0,1709.0,1692.0,1692.0
2024-12-20,1692.0,1692.0,1677.0,1681.0
2024-12-23,1682.0,1704.0,1682.0,1697.0
2024-12-24,1697.0,1727.0,1697.0,1710.0
2024-12-25,1710.0,1711.0,1691.0,1699.0
2024-12-26,1702.0,1712.0,1697.0,1711.0
2024-12-27,1719.0,1731.0,1713.0,1731.0
2024-12-30,1731.0,1743.0,1729.0,1732.0
2025-01-06,1743.0,1745.0,1713.0,1713.0
2025-01-07,1715.0,1715.0,1702.0,1712.0
2025-01-08,1712.0,1723.0,1701.0,1701.0
2025-01-09,1704.0,1704.0,1690.0,1695.0
2025-01-10,1693.0,1695.0,1687.0,1687.0
2025-01-14,1687.0,1690.0,1665.0,1671.0
2025-01-15,1676.0,1683.0,1674.0,1675.0
2025-01-16,1676.0,1684.0,1671.0,1672.0
2025-01-17,1676.0,1676.0,1668.0,1672.0
2025-01-20,1680.0,1683.0,1674.0,1680.0
2025-01-21,1680.0,1684.0,1673.0,1674.0
2025-01-22,1683.0,1684.0,1674.0,1675.0
2025-01-23,1678.0,1681.0,1663.0,1677.0
2025-01-24,1677.0,1693.0,1677.0,1684.0
2025-01-27,1692.0,1697.0,1687.0,1696.0
2025-01-28,1699.0,1703.0,1693.0,1695.0
2025-01-29,1695.0,1709.0,1694.0,1707.0
2025-01-30,1705.0,1712.0,1695.0,1712.0
2025-01-31,1704.0,1718.0,1698.0,1712.0
2025-02-03,1717.0,1740.0,1680.0,1680.0
2025-02-04,1699.0,1700.0,1676.0,1680.0
2025-02-05,1680.0,1685.0,1662.0,1665.0
2025-02-06,1668.0,1674.0,1663.0,1663.0
2025-02-07,1663.0,1672.0,1661.0,1666.0
2025-02-10,1663.0,1673.0,1662.0,1667.0
2025-02-12,1674.0,1674.0,1659.0,1661.0
2025-02-13,1669.0,1680.0,1664.0,1674.0
2025-02-14,1670.0,1684.0,1668.0,1679.0
2025-02-17,1673.0,1678.0,1657.0,1668.0
2025-02-18,1663.0,1666.0,1648.0,1653.0
2025-02-19,1657.0,1665.0,1647.0,1649.0
2025-02-20,1648.0,1648.0,1634.0,1639.0
2025-02-21,1631.0,1641.0,1630.0,1635.0
2025-02-25,1645.0,1645.0,1633.0,1641.0
2025-02-26,1636.0,1654.0,1631.0,1649.0
2025-02-27,1644.0,1659.0,1642.0,1659.0
2025-02-28,1646.0,1669.0,1645.0,1655.0
2025-03-03,1662.0,1693.0,1662.0,1691.0
2025-03-04,1678.0,1692.0,1672.0,1685.0
2025-03-05,1689.0,1726.0,1685.0,1711.0
2025-03-06,1723.0,1729.0,1706.0,1714.0
2025-03-07,1706.0,1718.0,1690.0,1712.0
2025-03-10,1712.0,1713.0,1697.0,1698.0
2025-03-11,1695.0,1698.0,1678.0,1681.0
2025-03-12,1682.0,1707.0,1682.0,1693.0
2025-03-13,1702.0,1713.0,1689.0,1711.0
2025-03-14,1711.0,1712.0,1700.0,1701.0
2025-03-17,1710.0,1710.0,1698.0,1708.0
2025-03-18,1708.0,1721.0,1704.0,1706.0
2025-03-19,1716.0,1736.0,1707.0,1722.0
2025-03-21,1735.0,1746.0,1725.0,1733.0
2025-03-24,1735.0,1736.0,1718.0,1736.0
2025-03-25,1726.0,1738.0,1717.0,1734.0
2025-03-26,1736.0,1741.0,1727.0,1740.0
2025-03-27,1733.0,1752.0,1729.0,1752.0
2025-03-28,1751.0,1754.0,1729.0,1754.0
2025-03-31,1730.0,1731.0,1700.0,1709.0
2025-04-01,1725.0,1734.0,1707.0,1724.0
2025-04-02,1726.0,1726.0,1696.0,1702.0
2025-04-03,1673.0,1690.0,1660.0,1686.0
2025-04-04,1656.0,1671.0,1651.0,1660.0
2025-04-07,1624.0,1634.0,1574.0,1605.0
2025-04-08,1645.0,1669.0,1630.0,1669.0
2025-04-09,1638.0,1657.0,1613.0,1650.0
2025-04-10,1695.0,1695.0,1670.0,1690.0
2025-04-11,1666.0,1681.0,1640.0,1680.0
2025-04-14,1689.0,1710.0,1683.0,1694.0
2025-04-15,1706.0,1708.0,1690.0,1690.0
2025-04-16,1690.0,1697.0,1674.0,1687.0
2025-04-17,1687.0,1696.0,1677.0,1686.0
2025-04-18,1698.0,1720.0,1690.0,1718.0
2025-04-21,1718.0,1726.0,1715.0,1726.0
2025-04-22,1725.0,1746.0,1716.0,1740.0
2025-04-23,1745.0,1763.0,1742.0,1759.0
2025-04-24,1762.0,1763.0,1736.0,1745.0
2025-04-25,1745.0,1753.0,1727.0,1734.0
2025-04-28,1749.0,1749.0,1722.0,1722.0
2025-04-30,1726.0,1729.0,1712.0,1719.0
2025-05-01,1793.0,1807.0,1756.0,1785.0
2025-05-02,1785.0,1812.0,1776.0,1799.0
2025-05-07,1794.0,1804.0,1782.0,1792.0
2025-05-08,1788.0,1796.0,1773.0,1785.0
2025-05-09,1782.0,1811.0,1773.0,1793.0
2025-05-12,1798.0,1798.0,1764.0,1773.0
2025-05-13,1773.0,1774.0,1747.0,1754.0
2025-05-14,1747.0,1747.0,1732.0,1741.0
2025-05-15,1735.0,1748.0,1729.0,1742.0
2025-05-16,1743.0,1752.0,1737.0,1750.0
2025-05-19,1763.0,1805.0,1753.0,1794.0
2025-05-20,1792.0,1797.0,1766.0,1773.0
2025-05-21,1773.0,1783.0,1767.0,1774.0
2025-05-22,1770.0,1780.0,1765.0,1777.0
2025-05-23,1777.0,1785.0,1770.0,1782.0
2025-05-26,1783.0,1791.0,1776.0,1786.0
2025-05-27,1786.0,1791.0,1777.0,1780.0
2025-05-28,1789.0,1789.0,1781.0,1783.0
2025-05-29,1785.0,1793.0,1780.0,1785.0
2025-05-30,1780.0,1788.0,1776.0,1784.0
2025-06-02,1784.0,1800.0,1775.0,1799.0
2025-06-03,1800.0,1813.0,1795.0,1803.0
2025-06-04,1803.0,1804.0,1772.0,1782.0
2025-06-05,1782.0,1796.0,1782.0,1794.0
2025-06-06,1800.0,1811.0,1800.0,1807.0
2025-06-09,1801.0,1805.0,1783.0,1788.0
2025-06-10,1799.0,1805.0,1785.0,1785.0
2025-06-11,1784.0,1791.0,1778.0,1784.0
2025-06-12,1778.0,1779.0,1759.0,1771.0
2025-06-13,1770.0,1782.0,1768.0,1782.0
2025-06-16,1786.0,1804.0,1786.0,1795.0
2025-06-17,1790.0,1803.0,1786.0,1803.0
2025-06-18,1803.0,1814.0,1803.0,1814.0
2025-06-19,1815.0,1820.0,1805.0,1813.0
2025-06-20,1815.0,1821.0,1773.0,1773.0
2025-06-23,1785.0,1806.0,1785.0,1796.0
2025-06-24,1804.0,1804.0,1763.0,1765.0
2025-06-25,1765.0,1765.0,1737.0,1740.0
2025-06-26,1740.0,1754.0,1723.0,1754.0
2025-06-27,1767.0,1767.0,1747.0,1758.0
2025-06-30,1761.0,1773.0,1754.0,1757.0
2025-07-01,1755.0,1760.0,1747.0,1758.0
2025-07-02,1757.0,1775.0,1757.0,1771.0
2025-07-03,1778.0,1792.0,1773.0,1789.0
2025-07-04,1791.0,1795.0,1785.0,1792.0
2025-07-07,1792.0,1797.0,1787.0,1796.0
2025-07-08,1792.0,1806.0,1784.0,1801.0
2025-07-09,1802.0,1815.0,1801.0,1815.0
2025-07-10,1815.0,1816.0,1786.0,1790.0
2025-07-11,1795.0,1801.0,1790.0,1794.0
2025-07-14,1790.0,1802.0,1785.0,1802.0
2025-07-15,1802.0,1818.0,1801.0,1818.0
2025-07-16,1810.0,1813.0,1797.0,1804.0
2025-07-17,1804.0,1804.0,1783.0,1799.0
2025-07-18,1792.0,1794.0,1774.0,1784.0
2025-07-22,1782.0,1820.0,1782.0,1819.0
2025-07-23,1819.0,1857.0,1816.0,1853.0
2025-07-24,1853.0,1863.0,1848.0,1863.0
2025-07-25,1863.0,1887.0,1861.0,1878.0
2025-07-28,1879.0,1884.0,1863.0,1868.0
2025-07-29,1856.0,1860.0,1834.0,1842.0
2025-07-30,1833.0,1863.0,1832.0,1853.0
2025-07-31,1857.0,1866.0,1852.0,1852.0
2025-08-01,1892.0,1926.0,1892.0,1908.0
2025-08-04,1896.0,1908.0,1887.0,1890.0
2025-08-05,1903.0,1924.0,1903.0,1916.0
2025-08-06,1923.0,1936.0,1919.0,1926.0
2025-08-07,1922.0,1929.0,1910.0,1928.0
2025-08-08,1928.0,1966.0,1928.0,1960.0
2025-08-12,1962.0,1978.0,1955.0,1978.0
2025-08-13,1981.0,1989.0,1975.0,1983.0
2025-08-14,1991.0,1993.0,1961.0,1969.0
2025-08-15,1970.0,1977.0,1959.0,1973.0
2025-08-18,1977.0,1990.0,1973.0,1974.0
2025-08-19,1971.0,1973.0,1960.0,1973.0
2025-08-20,1963.0,1972.0,1963.0,1966.0
2025-08-21,1965.0,1968.0,1952.0,1968.0
2025-08-22,1967.0,1983.0,1961.0,1980.0
2025-08-25,1981.0,2007.0,1981.0,1997.0
2025-08-26,1997.0,2002.0,1974.0,1974.0
2025-08-27,1973.0,1987.0,1960.0,1987.0
2025-08-28,1987.0,1991.0,1980.0,1985.0
2025-08-29,1978.0,1978.0,1945.0,1950.0
2025-09-01,1951.0,1965.0,1950.0,1963.0
2025-09-02,1963.0,1969.0,1958.0,1966.0
2025-09-03,1975.0,1991.0,1970.0,1991.0
2025-09-04,1997.0,1999.0,1984.0,1999.0
2025-09-05,1994.0,1996.0,1981.0,1990.0
2025-09-08,1999.0,2004.0,1992.0,1999.0
2025-09-09,1999.0,2005.0,1985.0,1995.0
2025-09-10,1995.0,1997.0,1982.0,1988.0
2025-09-11,1988.0,1998.0,1980.0,1990.0
2025-09-12,1984.0,1987.0,1974.0,1982.0
2025-09-16,1982.0,1996.0,1977.0,1994.0
2025-09-17,1992.0,1993.0,1976.0,1976.0
2025-09-18,1976.0,1978.0,1954.0,1962.0
2025-09-19,1961.0,1970.0,1948.0,1956.0
2025-09-22,1958.0,1964.0,1958.0,1963.0
2025-09-24,1958.0,1968.0,1946.0,1958.0
2025-09-25,1958.0,1973.0,1958.0,1973.0
2025-09-26,1970.0,1995.0,1970.0,1995.0
2025-09-29,1950.0,1984.0,1950.0,1965.0
2025-09-30,1965.0,1983.0,1956.0,1977.0
2025-10-01,1977.0,1979.0,1919.0,1927.0
2025-10-02,1905.0,1922.0,1881.0,1910.0
2025-10-03,1901.0,1930.0,1901.0,1930.0
2025-10-06,1948.0,1964.0,1940.0,1957.0
2025-10-07,1950.0,1959.0,1948.0,1959.0
2025-10-08,1959.0,1970.0,1944.0,1944.0
2025-10-09,1984.0,1999.0,1970.0,1979.0
2025-10-10,1965.0,1965.0,1914.0,1933.0
2025-10-14,1904.0,1929.0,1893.0,1911.0
2025-10-15,1921.0,1927.0,1908.0,1914.0
2025-10-16,1924.0,1930.0,1911.0,1924.0
2025-10-17,1924.0,1936.0,1921.0,1930.0
2025-10-20,1936.0,1940.0,1924.0,1933.0
2025-10-21,1931.0,1938.0,1923.0,1923.0
2025-10-22,1930.0,1945.0,1930.0,1939.0
2025-10-23,1939.0,1954.0,1935.0,1949.0
2025-10-24,1949.0,1952.0,1927.0,1927.0
2025-10-27,1931.0,1948.0,1931.0,1945.0
2025-10-28,1934.0,1934.0,1895.0,1895.0
2025-10-29,1897.0,1899.0,1866.0,1877.0
2025-10-30,1871.0,1884.0,1856.0,1872.0
2025-10-31,1832.0,1859.0,1823.0,1848.0
2025-11-04,1848.0,1874.0,1835.0,1868.0
2025-11-05,1869.0,1881.0,1863.0,1876.0
2025-11-06,1885.0,1903.0,1878.0,1887.0
2025-11-07,1888.0,1906.0,1882.0,1906.0
2025-11-10,1918.0,1918.0,1896.0,1912.0
2025-11-11,1900.0,1907.0,1888.0,1907.0
2025-11-12,1914.0,1931.0,1913.0,1919.0
2025-11-13,1922.0,1931.0,1910.0,1916.0
2025-11-14,1920.0,1920.0,1904.0,1907.0
2025-11-17,1906.0,1909.0,1897.0,1900.0
2025-11-18,1900.0,1907.0,1875.0,1875.0
2025-11-19,1884.0,1897.0,1877.0,1890.0
2025-11-20,1897.0,1914.0,1893.0,1910.0
2025-11-21,1915.0,1933.0,1915.0,1933.0
2025-11-25,1934.0,1943.0,1924.0,1935.0
2025-11-26,1935.0,1942.0,1930.0,1939.0
2025-11-27,1945.0,1946.0,1928.0,1935.0
2025-11-28,1942.0,1950.0,1933.0,1947.0
2025-12-01,1947.0,1947.0,1922.0,1923.0
2025-12-02,1919.0,1919.0,1889.0,1899.0
2025-12-03,1900.0,1901.0,1878.0,1879.0
2025-12-04,1881.0,1897.0,1878.0,1893.0
2025-12-05,1888.0,1888.0,1857.0,1857.0
2025-12-08,1858.0,1890.0,1858.0,1890.0
2025-12-09,1891.0,1899.0,1877.0,1891.0
2025-12-10,1898.0,1911.0,1894.0,1907.0
2025-12-11,1917.0,1918.0,1887.0,1887.0
2025-12-12,1907.0,1907.0,1895.0,1899.0
2025-12-15,1900.0,1922.0,1898.0,1920.0
2025-12-16,1921.0,1924.0,1911.0,1919.0
2025-12-17,1920.0,1920.0,1900.0,1905.0
2025-12-18,1909.0,1938.0,1902.0,1938.0
2025-12-19,1938.0,1944.0,1931.0,1939.0
2025-12-22,1940.0,1942.0,1925.0,1940.0
2025-12-23,1933.0,1947.0,1933.0,1939.0
2025-12-24,2169.0,2195.0,2141.0,2190.0
2025-12-25,2197.0,2211.0,2182.0,2196.0
2025-12-26,2200.0,2218.0,2200.0,2206.0
2025-12-29,2210.0,2214.0,2201.0,2213.0
2025-12-30,2220.0,2255.0,2219.0,2255.0
2026-01-05,2284.0,2285.0,2239.0,2239.0
2026-01-06,2239.0,2244.0,2214.0,2214.0
2026-01-07,2214.0,2220.0,2202.0,2205.0
2026-01-08,2225.0,2228.0,2207.0,2211.0
2026-01-09,2227.0,2248.0,2225.0,2237.0
2026-01-13,2258.0,2272.0,2244.0,2244.0
2026-01-14,2253.0,2277.0,2250.0,2274.0
2026-01-15,2274.0,2319.0,2274.0,2311.0
2026-01-16,2311.0,2314.0,2289.0,2297.0
2026-01-19,2317.0,2324.0,2303.0,2315.0
2026-01-20,2324.0,2325.0,2300.0,2300.0
2026-01-21,2283.0,2294.0,2269.0,2288.0
2026-01-22,2302.0,2322.0,2300.0,2308.0
2026-01-23,2318.0,2331.0,2318.0,2329.0
2026-01-26,2320.0,2327.0,2311.0,2311.0
2026-01-27,2311.0,2311.0,2286.0,2287.0
2026-01-28,2284.0,2284.0,2261.0,2273.0
2026-01-29,2286.0,2319.0,2266.0,2315.0
2026-01-30,2315.0,2390.0,2306.0,2387.0
2026-02-02,2390.0,2401.0,2346.0,2351.0
2026-02-03,2358.0,2388.0,2356.0,2376.0
2026-02-04,2384.0,2403.0,2376.0,2388.0
2026-02-05,2415.0,2416.0,2371.0,2371.0
2026-02-06,2370.0,2386.0,2367.0,2384.0
2026-02-09,2400.0,2404.0,2378.0,2386.0
2026-02-10,2400.0,2408.0,2383.0,2400.0
2026-02-12,2415.0,2463.0,2412.0,2456.0
2026-02-13,2464.0,2485.0,2452.0,2469.0
2026-02-16,2507.0,2512.0,2482.0,2501.0
2026-02-17,2501.0,2518.0,2475.0,2481.0
2026-02-18,2500.0,2500.0,2480.0,2482.0
2026-02-19,2478.0,2500.0,2456.0,2500.0
2026-02-20,2475.0,2524.0,2470.0,2517.0
2026-02-24,2520.0,2572.0,2509.0,2560.0
2026-02-25,2563.0,2570.0,2535.0,2550.0
2026-02-26,2550.0,2575.0,2544.0,2575.0
2026-02-27,2569.0,2609.0,2560.0,2599.0
2026-03-02,2580.0,2626.0,2563.0,2625.0
2026-03-03,2612.0,2612.0,2566.0,2575.0
2026-03-04,2520.0,2563.0,2473.0,2502.0
2026-03-05,2568.0,2620.0,2555.0,2602.0
2026-03-06,2581.0,2603.0,2549.0,2600.0
2026-03-09,2522.0,2543.0,2495.0,2536.0
2026-03-10,2575.0,2581.0,2549.0,2550.0
2026-03-11,2593.0,2607.0,2575.0,2595.0
2026-03-12,2593.0,2593.0,2514.0,2520.0
2026-03-13,2502.0,2541.0,2495.0,2500.0
2026-03-16,2500.0,2531.0,2496.0,2496.0
2026-03-17,2508.0,2523.0,2502.0,2511.0
2026-03-18,2514.0,2570.0,2514.0,2570.0
2026-03-19,2544.0,2560.0,2496.0,2496.0
2026-03-23,2460.0,2460.0,2403.0,2431.0
2026-03-24,2511.0,2531.0,2484.0,2531.0
2026-03-25,2569.0,2601.0,2566.0,2587.0
2026-03-26,2583.0,2603.0,2554.0,2570.0
2026-03-27,2597.0,2605.0,2571.0,2587.0
2026-03-30,2502.0,2579.0,2487.0,2577.0
2026-03-31,2555.0,2574.0,2537.0,2545.0
2026-04-01,2577.0,2582.0,2551.0,2578.0
2026-04-02,2584.0,2615.0,2555.0,2566.0
2026-04-03,2566.0,2585.0,2563.0,2567.0
2026-04-06,2570.0,2581.0,2555.0,2562.0
2026-04-07,2586.0,2617.0,2566.0,2579.0
2026-04-08,2615.0,2634.0,2611.0,2621.0
2026-04-09,2630.0,2634.0,2575.0,2575.0
2026-04-10,2584.0,2595.0,2541.0,2552.0
2026-04-13,2553.0,2582.0,2552.0,2573.0
2026-04-14,2582.0,2582.0,2556.0,2574.0
2026-04-15,2590.0,2602.0,2577.0,2586.0
2026-04-16,2600.0,2616.0,2600.0,2615.0
2026-04-17,2615.0,2629.0,2585.0,2595.0
2026-04-20,2580.0,2588.0,2523.0,2535.0
2026-04-21,2535.0,2562.0,2514.0,2529.0
2026-04-22,2510.0,2519.0,2452.0,2460.0
2026-04-23,2460.0,2460.0,2430.0,2441.0
2026-04-24,2457.0,2478.0,2445.0,2470.0
2026-04-27,2470.0,2470.0,2423.0,2423.0
2026-04-28,2430.0,2457.0,2422.0,2457.0
2026-04-30,2358.0,2358.0,2236.0,2236.0
2026-05-01,2246.0,2246.0,2188.0,2208.0
2026-05-07,2218.0,2278.0,2205.0,2275.0
2026-05-08,2253.0,2256.0,2208.0,2222.0
2026-05-11,2223.0,2255.0,2220.0,2241.0
2026-05-12,2266.0,2266.0,2222.0,2233.0
2026-05-13,2225.0,2240.0,2218.0,2225.0
2026-05-14,2227.0,2254.0,2225.0,2244.0
2026-05-15,2264.0,2264.0,2242.0,2261.0
2026-05-18,2250.0,2250.0,2182.0,2201.0
2026-05-19,2219.0,2249.0,2219.0,2238.0
2026-05-20,2228.0,2233.0,2191.0,2208.0
2026-05-21,2216.0,2225.0,2201.0,2201.0
2026-05-22,2225.0,2233.0,2196.0,2221.0
2026-05-25,2222.0,2228.0,2187.0,2198.0
2026-05-26,2187.0,2216.0,2175.0,2191.0
2026-05-27,2216.0,2225.0,2196.0,2222.0
2026-05-28,2210.0,2210.0,2172.0,2182.0
2026-05-29,2192.0,2227.0,2187.0,2195.0
2026-06-01,2200.0,2202.0,2178.0,2197.0
2026-06-02,2181.0,2181.0,2154.0,2154.0
2026-06-03,2174.0,2193.0,2165.0,2189.0
2026-06-04,2187.0,2191.0,2168.0,2182.0
2026-06-05,2190.0,2230.0,2184.0,2201.0
2026-06-08,2180.0,2210.0,2170.0,2210.0
2026-06-09,2220.0,2233.0,2202.0,2213.0
2026-06-10,2227.0,2245.0,2221.0,2229.0
2026-06-11,2244.0,2244.0,2215.0,2232.0
2026-06-12,2236.0,2248.0,2223.0,2243.0
2026-06-15,2250.0,2275.0,2248.0,2263.0
2026-06-16,2262.0,2278.0,2225.0,2238.0
2026-06-17,2242.0,2262.0,2237.0,2240.0
2026-06-18,2250.0,2253.0,2224.0,2237.0
2026-06-19,2234.0,2254.0,2226.0,2238.0
2026-06-22,2230.0,2231.0,2205.0,2213.0
2026-06-23,2213.0,2219.0,2201.0,2213.0
2026-06-24,2224.0,2232.0,2216.0,2220.0
2026-06-25,2239.0,2240.0,2211.0,2211.0
2026-06-26,2224.0,2246.0,2221.0,2246.0
2026-06-29,2254.0,2278.0,2247.0,2270.0
2026-06-30,2270.0,2270.0,2248.0,2248.0
2026-07-01,2248.0,2249.0,2216.0,2225.0
2026-07-02,2229.0,2244.0,2220.0,2225.0
2026-07-03,2248.0,2275.0,2245.0,2257.0
2026-07-06,2275.0,2319.0,2275.0,2303.0
2026-07-07,2306.0,2336.0,2296.0,2324.0
2026-07-08,2340.0,2360.0,2324.0,2356.0
2026-07-09,2345.0,2359.0,2335.0,2347.0
2026-07-10,2327.0,2340.0,2303.0,2328.0
2026-07-13,2346.0,2346.0,2295.0,2295.0
2026-07-14,2303.0,2329.0,2302.0,2302.0
2026-07-15,2328.0,2335.0,2323.0,2333.0
2026-07-16,2336.0,2348.0,2316.0,2316.0
2026-07-17,2329.0,2341.0,2291.0,2318.0
2026-07-21,2339.0,2368.0,2339.0,2349.0
2026-07-22,2345.0,2369.0,2328.0,2366.0
2026-07-23,2365.0,2365.0,2351.0,2354.0
2026-07-24,2353.0,2361.0,2343.0,2361.0
2026-07-27,2385.0,2393.0,2377.0,2393.0
2026-07-28,2371.0,2371.0,2343.0,2351.0
2026-07-29,2354.0,2372.0,2316.0,2369.0
2026-07-30,2369.0,2382.0,2354.0,2382.0
2026-07-31,2385.0,2399.0,2361.0,2361.0
2026-08-03,2434.0,2440.0,2371.0,2419.0
2026-08-04,2427.0,2427.0,2372.0,2381.0
2026-08-05,2381.0,2397.0,2333.0,2333.0
2026-08-06,2356.0,2380.0,2325.0,2359.0
2026-08-07,2356.0,2375.0,2347.0,2357.0
2026-08-10,2372.0,2383.0,2352.0,2356.0
2026-08-12,2378.0,2379.0,2355.0,2361.0
2026-08-13,2380.0,2383.0,2361.0,2382.0
2026-08-14,2371.0,2396.0,2371.0,2382.0
2026-08-17,2382.0,2396.0,2381.0,2382.0
2026-08-18,2380.0,2426.0,2380.0,2421.0
2026-08-19,2425.0,2430.0,2398.0,2416.0
2026-08-20,2444.0,2450.0,2428.0,2450.0
2026-08-21,2438.0,2480.0,2438.0,2473.0
2026-08-24,2485.0,2489.0,2458.0,2476.0
2026-08-25,2498.0,2521.0,2493.0,2501.0
2026-08-26,2494.0,2510.0,2487.0,2491.0
2026-08-27,2487.0,2508.0,2473.0,2491.0
2026-08-28,2475.0,2529.0,2470.0,2515.0
2026-08-31,2529.0,2564.0,2522.0,2558.0
2026-09-01,2558.0,2594.0,2541.0,2586.0
2026-09-02,2560.0,2580.0,2531.0,2542.0
2026-09-03,2534.0,2578.0,2534.0,2565.0
2026-09-04,2564.0,2564.0,2502.0,2503.0
2026-09-07,2505.0,2520.0,2492.0,2500.0
2026-09-08,2495.0,2522.0,2476.0,2511.0
2026-09-09,2514.0,2553.0,2498.0,2548.0
2026-09-10,2547.0,2555.0,2521.0,2537.0
2026-09-11,2520.0,2563.0,2506.0,2549.0
2026-09-14,2549.0,2586.0,2549.0,2586.0
2026-09-15,2590.0,2595.0,2573.0,2588.0
2026-09-16,2616.0,2678.0,2608.0,2638.0
2026-09-17,2653.0,2695.0,2638.0,2658.0
2026-09-18,2676.0,2676.0,2647.0,2662.0
2026-09-24,2642.0,2642.0,2596.0,2605.0
2026-09-25,2628.0,2669.0,2617.0,2664.0
2026-09-28,2659.0,2675.0,2620.0,2627.0
2026-09-29,2583.0,2583.0,2472.0,2472.0
2026-09-30,2468.0,2509.0,2444.0,2495.0
2026-10-01,2504.0,2504.0,2456.0,2459.0
2026-10-02,2447.0,2459.0,2404.0,2425.0
2026-10-05,2432.0,2436.0,2396.0,2417.0
2026-10-06,2416.0,2423.0,2399.0,2418.0
2026-10-07,2424.0,2432.0,2400.0,2408.0
2026-10-08,2420.0,2428.0,2352.0,2360.0
2026-10-09,2388.0,2403.0,2366.0,2400.0
